STRUCTURE,STRUCTURE_ID,STRUCTURE_NAME,freq,Time frequency,age,Age class,sizeclas,Size classes in number of employees,indic_sbs,Economic indicator for structural business statistics,nace_r2,Statistical classification of economic activities in the European Community (NACE Rev. 2),geo,Geopolitical entity (reporting),TIME_PERIOD,Time,OBS_VALUE,Observation value,OBS_FLAG,Observation status (Flag) V2 structure,CONF_STATUS,Confidentiality status (flag)
dataflow,ESTAT:BD_SIZE(1.0),Business demography by size class and NACE Rev. 2 activity,A,Annual,Y1,1 year,TOTAL,Total,ENT_SRVLR_BRTH_PC,"Survival rate - enterprise survivals of respective age, divided by enterprise births in respective birth year - percentage",B,Mining and quarrying,LT,Lithuania,2022,,81.82,,,,,
dataflow,ESTAT:BD_SIZE(1.0),Business demography by size class and NACE Rev. 2 activity,A,Annual,Y1,1 year,TOTAL,Total,ENT_SRVLR_BRTH_PC,"Survival rate - enterprise survivals of respective age, divided by enterprise births in respective birth year - percentage",B,Mining and quarrying,LT,Lithuania,2023,,88.89,,,,,
dataflow,ESTAT:BD_SIZE(1.0),Business demography by size class and NACE Rev. 2 activity,A,Annual,Y1,1 year,TOTAL,Total,ENT_SRVLR_BRTH_PC,"Survival rate - enterprise survivals of respective age, divided by enterprise births in respective birth year - percentage",B-S_X_O_S94,"Industry, construction and market services (except public administration and defence; compulsory social security; activities of membership organisations)",LT,Lithuania,2022,,70.31,,,,,
dataflow,ESTAT:BD_SIZE(1.0),Business demography by size class and NACE Rev. 2 activity,A,Annual,Y1,1 year,TOTAL,Total,ENT_SRVLR_BRTH_PC,"Survival rate - enterprise survivals of respective age, divided by enterprise births in respective birth year - percentage",B-S_X_O_S94,"Industry, construction and market services (except public administration and defence; compulsory social security; activities of membership organisations)",LT,Lithuania,2023,,68.95,,,,,
dataflow,ESTAT:BD_SIZE(1.0),Business demography by size class and NACE Rev. 2 activity,A,Annual,Y1,1 year,TOTAL,Total,ENT_SRVLR_BRTH_PC,"Survival rate - enterprise survivals of respective age, divided by enterprise births in respective birth year - percentage",C,Manufacturing,LT,Lithuania,2022,,72.45,,,,,
dataflow,ESTAT:BD_SIZE(1.0),Business demography by size class and NACE Rev. 2 activity,A,Annual,Y1,1 year,TOTAL,Total,ENT_SRVLR_BRTH_PC,"Survival rate - enterprise survivals of respective age, divided by enterprise births in respective birth year - percentage",C,Manufacturing,LT,Lithuania,2023,,70.94,,,,,
dataflow,ESTAT:BD_SIZE(1.0),Business demography by size class and NACE Rev. 2 activity,A,Annual,Y1,1 year,TOTAL,Total,ENT_SRVLR_BRTH_PC,"Survival rate - enterprise survivals of respective age, divided by enterprise births in respective birth year - percentage",C10-C12,Manufacture of food products; beverages and tobacco products,LT,Lithuania,2022,,75.32,,,,,
dataflow,ESTAT:BD_SIZE(1.0),Business demography by size class and NACE Rev. 2 activity,A,Annual,Y1,1 year,TOTAL,Total,ENT_SRVLR_BRTH_PC,"Survival rate - enterprise survivals of respective age, divided by enterprise births in respective birth year - percentage",C10-C12,Manufacture of food products; beverages and tobacco products,LT,Lithuania,2023,,74.59,,,,,
dataflow,ESTAT:BD_SIZE(1.0),Business demography by size class and NACE Rev. 2 activity,A,Annual,Y1,1 year,TOTAL,Total,ENT_SRVLR_BRTH_PC,"Survival rate - enterprise survivals of respective age, divided by enterprise births in respective birth year - percentage",C13_C14,Manufacture of textiles and wearing apparel,LT,Lithuania,2022,,71.43,,,,,
dataflow,ESTAT:BD_SIZE(1.0),Business demography by size class and NACE Rev. 2 activity,A,Annual,Y1,1 year,TOTAL,Total,ENT_SRVLR_BRTH_PC,"Survival rate - enterprise survivals of respective age, divided by enterprise births in respective birth year - percentage",C13_C14,Manufacture of textiles and wearing apparel,LT,Lithuania,2023,,68.54,,,,,
dataflow,ESTAT:BD_SIZE(1.0),Business demography by size class and NACE Rev. 2 activity,A,Annual,Y1,1 year,TOTAL,Total,ENT_SRVLR_BRTH_PC,"Survival rate - enterprise survivals of respective age, divided by enterprise births in respective birth year - percentage",C15,Manufacture of leather and related products,LT,Lithuania,2022,,70.00,,,,,
dataflow,ESTAT:BD_SIZE(1.0),Business demography by size class and NACE Rev. 2 activity,A,Annual,Y1,1 year,TOTAL,Total,ENT_SRVLR_BRTH_PC,"Survival rate - enterprise survivals of respective age, divided by enterprise births in respective birth year - percentage",C15,Manufacture of leather and related products,LT,Lithuania,2023,,60.53,,,,,
dataflow,ESTAT:BD_SIZE(1.0),Business demography by size class and NACE Rev. 2 activity,A,Annual,Y1,1 year,TOTAL,Total,ENT_SRVLR_BRTH_PC,"Survival rate - enterprise survivals of respective age, divided by enterprise births in respective birth year - percentage",C16,"Manufacture of wood and of products of wood and cork, except furniture; manufacture of articles of straw and plaiting materials",LT,Lithuania,2022,,64.43,,,,,
dataflow,ESTAT:BD_SIZE(1.0),Business demography by size class and NACE Rev. 2 activity,A,Annual,Y1,1 year,TOTAL,Total,ENT_SRVLR_BRTH_PC,"Survival rate - enterprise survivals of respective age, divided by enterprise births in respective birth year - percentage",C16,"Manufacture of wood and of products of wood and cork, except furniture; manufacture of articles of straw and plaiting materials",LT,Lithuania,2023,,63.32,,,,,
dataflow,ESTAT:BD_SIZE(1.0),Business demography by size class and NACE Rev. 2 activity,A,Annual,Y1,1 year,TOTAL,Total,ENT_SRVLR_BRTH_PC,"Survival rate - enterprise survivals of respective age, divided by enterprise births in respective birth year - percentage",C17_C18,Manufacture of paper and paper products; printing and reproduction of recorded media,LT,Lithuania,2022,,81.55,,,,,
dataflow,ESTAT:BD_SIZE(1.0),Business demography by size class and NACE Rev. 2 activity,A,Annual,Y1,1 year,TOTAL,Total,ENT_SRVLR_BRTH_PC,"Survival rate - enterprise survivals of respective age, divided by enterprise births in respective birth year - percentage",C17_C18,Manufacture of paper and paper products; printing and reproduction of recorded media,LT,Lithuania,2023,,74.53,,,,,
dataflow,ESTAT:BD_SIZE(1.0),Business demography by size class and NACE Rev. 2 activity,A,Annual,Y1,1 year,TOTAL,Total,ENT_SRVLR_BRTH_PC,"Survival rate - enterprise survivals of respective age, divided by enterprise births in respective birth year - percentage",C19,Manufacture of coke and refined petroleum products,LT,Lithuania,2023,,50.00,,,,,
dataflow,ESTAT:BD_SIZE(1.0),Business demography by size class and NACE Rev. 2 activity,A,Annual,Y1,1 year,TOTAL,Total,ENT_SRVLR_BRTH_PC,"Survival rate - enterprise survivals of respective age, divided by enterprise births in respective birth year - percentage",C20,Manufacture of chemicals and chemical products,LT,Lithuania,2022,,59.38,,,,,
dataflow,ESTAT:BD_SIZE(1.0),Business demography by size class and NACE Rev. 2 activity,A,Annual,Y1,1 year,TOTAL,Total,ENT_SRVLR_BRTH_PC,"Survival rate - enterprise survivals of respective age, divided by enterprise births in respective birth year - percentage",C20,Manufacture of chemicals and chemical products,LT,Lithuania,2023,,81.25,,,,,
dataflow,ESTAT:BD_SIZE(1.0),Business demography by size class and NACE Rev. 2 activity,A,Annual,Y1,1 year,TOTAL,Total,ENT_SRVLR_BRTH_PC,"Survival rate - enterprise survivals of respective age, divided by enterprise births in respective birth year - percentage",C21,Manufacture of basic pharmaceutical products and pharmaceutical preparations,LT,Lithuania,2022,,100.00,,,,,
dataflow,ESTAT:BD_SIZE(1.0),Business demography by size class and NACE Rev. 2 activity,A,Annual,Y1,1 year,TOTAL,Total,ENT_SRVLR_BRTH_PC,"Survival rate - enterprise survivals of respective age, divided by enterprise births in respective birth year - percentage",C21,Manufacture of basic pharmaceutical products and pharmaceutical preparations,LT,Lithuania,2023,,100.00,,,,,
dataflow,ESTAT:BD_SIZE(1.0),Business demography by size class and NACE Rev. 2 activity,A,Annual,Y1,1 year,TOTAL,Total,ENT_SRVLR_BRTH_PC,"Survival rate - enterprise survivals of respective age, divided by enterprise births in respective birth year - percentage",C22,Manufacture of rubber and plastic products,LT,Lithuania,2022,,85.37,,,,,
dataflow,ESTAT:BD_SIZE(1.0),Business demography by size class and NACE Rev. 2 activity,A,Annual,Y1,1 year,TOTAL,Total,ENT_SRVLR_BRTH_PC,"Survival rate - enterprise survivals of respective age, divided by enterprise births in respective birth year - percentage",C22,Manufacture of rubber and plastic products,LT,Lithuania,2023,,86.84,,,,,
dataflow,ESTAT:BD_SIZE(1.0),Business demography by size class and NACE Rev. 2 activity,A,Annual,Y1,1 year,TOTAL,Total,ENT_SRVLR_BRTH_PC,"Survival rate - enterprise survivals of respective age, divided by enterprise births in respective birth year - percentage",C23,Manufacture of other non-metallic mineral products,LT,Lithuania,2022,,69.96,,,,,
dataflow,ESTAT:BD_SIZE(1.0),Business demography by size class and NACE Rev. 2 activity,A,Annual,Y1,1 year,TOTAL,Total,ENT_SRVLR_BRTH_PC,"Survival rate - enterprise survivals of respective age, divided by enterprise births in respective birth year - percentage",C23,Manufacture of other non-metallic mineral products,LT,Lithuania,2023,,71.73,,,,,
dataflow,ESTAT:BD_SIZE(1.0),Business demography by size class and NACE Rev. 2 activity,A,Annual,Y1,1 year,TOTAL,Total,ENT_SRVLR_BRTH_PC,"Survival rate - enterprise survivals of respective age, divided by enterprise births in respective birth year - percentage",C24_C25,"Manufacture of basic metals and fabricated metal products, except machinery and equipment",LT,Lithuania,2022,,72.24,,,,,
dataflow,ESTAT:BD_SIZE(1.0),Business demography by size class and NACE Rev. 2 activity,A,Annual,Y1,1 year,TOTAL,Total,ENT_SRVLR_BRTH_PC,"Survival rate - enterprise survivals of respective age, divided by enterprise births in respective birth year - percentage",C24_C25,"Manufacture of basic metals and fabricated metal products, except machinery and equipment",LT,Lithuania,2023,,70.33,,,,,
dataflow,ESTAT:BD_SIZE(1.0),Business demography by size class and NACE Rev. 2 activity,A,Annual,Y1,1 year,TOTAL,Total,ENT_SRVLR_BRTH_PC,"Survival rate - enterprise survivals of respective age, divided by enterprise births in respective birth year - percentage",C26,"Manufacture of computer, electronic and optical products",LT,Lithuania,2022,,88.89,,,,,
dataflow,ESTAT:BD_SIZE(1.0),Business demography by size class and NACE Rev. 2 activity,A,Annual,Y1,1 year,TOTAL,Total,ENT_SRVLR_BRTH_PC,"Survival rate - enterprise survivals of respective age, divided by enterprise births in respective birth year - percentage",C26,"Manufacture of computer, electronic and optical products",LT,Lithuania,2023,,100.00,,,,,
dataflow,ESTAT:BD_SIZE(1.0),Business demography by size class and NACE Rev. 2 activity,A,Annual,Y1,1 year,TOTAL,Total,ENT_SRVLR_BRTH_PC,"Survival rate - enterprise survivals of respective age, divided by enterprise births in respective birth year - percentage",C27,Manufacture of electrical equipment,LT,Lithuania,2022,,93.33,,,,,
dataflow,ESTAT:BD_SIZE(1.0),Business demography by size class and NACE Rev. 2 activity,A,Annual,Y1,1 year,TOTAL,Total,ENT_SRVLR_BRTH_PC,"Survival rate - enterprise survivals of respective age, divided by enterprise births in respective birth year - percentage",C27,Manufacture of electrical equipment,LT,Lithuania,2023,,100.00,,,,,
dataflow,ESTAT:BD_SIZE(1.0),Business demography by size class and NACE Rev. 2 activity,A,Annual,Y1,1 year,TOTAL,Total,ENT_SRVLR_BRTH_PC,"Survival rate - enterprise survivals of respective age, divided by enterprise births in respective birth year - percentage",C28,Manufacture of machinery and equipment n.e.c.,LT,Lithuania,2022,,100.00,,,,,
dataflow,ESTAT:BD_SIZE(1.0),Business demography by size class and NACE Rev. 2 activity,A,Annual,Y1,1 year,TOTAL,Total,ENT_SRVLR_BRTH_PC,"Survival rate - enterprise survivals of respective age, divided by enterprise births in respective birth year - percentage",C28,Manufacture of machinery and equipment n.e.c.,LT,Lithuania,2023,,83.33,,,,,
dataflow,ESTAT:BD_SIZE(1.0),Business demography by size class and NACE Rev. 2 activity,A,Annual,Y1,1 year,TOTAL,Total,ENT_SRVLR_BRTH_PC,"Survival rate - enterprise survivals of respective age, divided by enterprise births in respective birth year - percentage",C29_C30,"Manufacture of motor vehicles, trailers, semi-trailers and of other transport equipment",LT,Lithuania,2022,,95.24,,,,,
dataflow,ESTAT:BD_SIZE(1.0),Business demography by size class and NACE Rev. 2 activity,A,Annual,Y1,1 year,TOTAL,Total,ENT_SRVLR_BRTH_PC,"Survival rate - enterprise survivals of respective age, divided by enterprise births in respective birth year - percentage",C29_C30,"Manufacture of motor vehicles, trailers, semi-trailers and of other transport equipment",LT,Lithuania,2023,,77.78,,,,,
dataflow,ESTAT:BD_SIZE(1.0),Business demography by size class and NACE Rev. 2 activity,A,Annual,Y1,1 year,TOTAL,Total,ENT_SRVLR_BRTH_PC,"Survival rate - enterprise survivals of respective age, divided by enterprise births in respective birth year - percentage",C31_C32,Manufacture of furniture; other manufacturing,LT,Lithuania,2022,,73.89,,,,,
dataflow,ESTAT:BD_SIZE(1.0),Business demography by size class and NACE Rev. 2 activity,A,Annual,Y1,1 year,TOTAL,Total,ENT_SRVLR_BRTH_PC,"Survival rate - enterprise survivals of respective age, divided by enterprise births in respective birth year - percentage",C31_C32,Manufacture of furniture; other manufacturing,LT,Lithuania,2023,,72.45,,,,,
dataflow,ESTAT:BD_SIZE(1.0),Business demography by size class and NACE Rev. 2 activity,A,Annual,Y1,1 year,TOTAL,Total,ENT_SRVLR_BRTH_PC,"Survival rate - enterprise survivals of respective age, divided by enterprise births in respective birth year - percentage",C33,Repair and installation of machinery and equipment,LT,Lithuania,2022,,74.40,,,,,
dataflow,ESTAT:BD_SIZE(1.0),Business demography by size class and NACE Rev. 2 activity,A,Annual,Y1,1 year,TOTAL,Total,ENT_SRVLR_BRTH_PC,"Survival rate - enterprise survivals of respective age, divided by enterprise births in respective birth year - percentage",C33,Repair and installation of machinery and equipment,LT,Lithuania,2023,,73.24,,,,,
dataflow,ESTAT:BD_SIZE(1.0),Business demography by size class and NACE Rev. 2 activity,A,Annual,Y1,1 year,TOTAL,Total,ENT_SRVLR_BRTH_PC,"Survival rate - enterprise survivals of respective age, divided by enterprise births in respective birth year - percentage",C_ICT,ICT manufacturing,LT,Lithuania,2022,,71.43,,,,,
dataflow,ESTAT:BD_SIZE(1.0),Business demography by size class and NACE Rev. 2 activity,A,Annual,Y1,1 year,TOTAL,Total,ENT_SRVLR_BRTH_PC,"Survival rate - enterprise survivals of respective age, divided by enterprise births in respective birth year - percentage",C_ICT,ICT manufacturing,LT,Lithuania,2023,,100.00,,,,,
dataflow,ESTAT:BD_SIZE(1.0),Business demography by size class and NACE Rev. 2 activity,A,Annual,Y1,1 year,TOTAL,Total,ENT_SRVLR_BRTH_PC,"Survival rate - enterprise survivals of respective age, divided by enterprise births in respective birth year - percentage",D,"Electricity, gas, steam and air conditioning supply",LT,Lithuania,2022,,81.54,,,,,
dataflow,ESTAT:BD_SIZE(1.0),Business demography by size class and NACE Rev. 2 activity,A,Annual,Y1,1 year,TOTAL,Total,ENT_SRVLR_BRTH_PC,"Survival rate - enterprise survivals of respective age, divided by enterprise births in respective birth year - percentage",D,"Electricity, gas, steam and air conditioning supply",LT,Lithuania,2023,,72.16,,,,,
dataflow,ESTAT:BD_SIZE(1.0),Business demography by size class and NACE Rev. 2 activity,A,Annual,Y1,1 year,TOTAL,Total,ENT_SRVLR_BRTH_PC,"Survival rate - enterprise survivals of respective age, divided by enterprise births in respective birth year - percentage",E,"Water supply; sewerage, waste management and remediation activities",LT,Lithuania,2022,,85.71,,,,,
dataflow,ESTAT:BD_SIZE(1.0),Business demography by size class and NACE Rev. 2 activity,A,Annual,Y1,1 year,TOTAL,Total,ENT_SRVLR_BRTH_PC,"Survival rate - enterprise survivals of respective age, divided by enterprise births in respective birth year - percentage",E,"Water supply; sewerage, waste management and remediation activities",LT,Lithuania,2023,,63.64,,,,,
dataflow,ESTAT:BD_SIZE(1.0),Business demography by size class and NACE Rev. 2 activity,A,Annual,Y1,1 year,TOTAL,Total,ENT_SRVLR_BRTH_PC,"Survival rate - enterprise survivals of respective age, divided by enterprise births in respective birth year - percentage",F,Construction,LT,Lithuania,2022,,62.81,,,,,
dataflow,ESTAT:BD_SIZE(1.0),Business demography by size class and NACE Rev. 2 activity,A,Annual,Y1,1 year,TOTAL,Total,ENT_SRVLR_BRTH_PC,"Survival rate - enterprise survivals of respective age, divided by enterprise births in respective birth year - percentage",F,Construction,LT,Lithuania,2023,,61.65,,,,,
dataflow,ESTAT:BD_SIZE(1.0),Business demography by size class and NACE Rev. 2 activity,A,Annual,Y1,1 year,TOTAL,Total,ENT_SRVLR_BRTH_PC,"Survival rate - enterprise survivals of respective age, divided by enterprise births in respective birth year - percentage",G,Wholesale and retail trade; repair of motor vehicles and motorcycles,LT,Lithuania,2022,,73.74,,,,,
dataflow,ESTAT:BD_SIZE(1.0),Business demography by size class and NACE Rev. 2 activity,A,Annual,Y1,1 year,TOTAL,Total,ENT_SRVLR_BRTH_PC,"Survival rate - enterprise survivals of respective age, divided by enterprise births in respective birth year - percentage",G,Wholesale and retail trade; repair of motor vehicles and motorcycles,LT,Lithuania,2023,,73.54,,,,,
dataflow,ESTAT:BD_SIZE(1.0),Business demography by size class and NACE Rev. 2 activity,A,Annual,Y1,1 year,TOTAL,Total,ENT_SRVLR_BRTH_PC,"Survival rate - enterprise survivals of respective age, divided by enterprise births in respective birth year - percentage",G-S_X_O_S94,"Services (except public administration, defence, compulsory social security, activities of membership organisations, households as employers and extra-territorial organisations and bodies)",LT,Lithuania,2022,,71.47,,,,,
dataflow,ESTAT:BD_SIZE(1.0),Business demography by size class and NACE Rev. 2 activity,A,Annual,Y1,1 year,TOTAL,Total,ENT_SRVLR_BRTH_PC,"Survival rate - enterprise survivals of respective age, divided by enterprise births in respective birth year - percentage",G-S_X_O_S94,"Services (except public administration, defence, compulsory social security, activities of membership organisations, households as employers and extra-territorial organisations and bodies)",LT,Lithuania,2023,,70.22,,,,,
dataflow,ESTAT:BD_SIZE(1.0),Business demography by size class and NACE Rev. 2 activity,A,Annual,Y1,1 year,TOTAL,Total,ENT_SRVLR_BRTH_PC,"Survival rate - enterprise survivals of respective age, divided by enterprise births in respective birth year - percentage",G-U_ICT,ICT services,LT,Lithuania,2022,,75.35,,,,,
dataflow,ESTAT:BD_SIZE(1.0),Business demography by size class and NACE Rev. 2 activity,A,Annual,Y1,1 year,TOTAL,Total,ENT_SRVLR_BRTH_PC,"Survival rate - enterprise survivals of respective age, divided by enterprise births in respective birth year - percentage",G-U_ICT,ICT services,LT,Lithuania,2023,,78.45,,,,,
dataflow,ESTAT:BD_SIZE(1.0),Business demography by size class and NACE Rev. 2 activity,A,Annual,Y1,1 year,TOTAL,Total,ENT_SRVLR_BRTH_PC,"Survival rate - enterprise survivals of respective age, divided by enterprise births in respective birth year - percentage",G45,Wholesale and retail trade and repair of motor vehicles and motorcycles,LT,Lithuania,2022,,79.60,,,,,
dataflow,ESTAT:BD_SIZE(1.0),Business demography by size class and NACE Rev. 2 activity,A,Annual,Y1,1 year,TOTAL,Total,ENT_SRVLR_BRTH_PC,"Survival rate - enterprise survivals of respective age, divided by enterprise births in respective birth year - percentage",G45,Wholesale and retail trade and repair of motor vehicles and motorcycles,LT,Lithuania,2023,,80.86,,,,,
dataflow,ESTAT:BD_SIZE(1.0),Business demography by size class and NACE Rev. 2 activity,A,Annual,Y1,1 year,TOTAL,Total,ENT_SRVLR_BRTH_PC,"Survival rate - enterprise survivals of respective age, divided by enterprise births in respective birth year - percentage",G46,"Wholesale trade, except of motor vehicles and motorcycles",LT,Lithuania,2022,,81.76,,,,,
dataflow,ESTAT:BD_SIZE(1.0),Business demography by size class and NACE Rev. 2 activity,A,Annual,Y1,1 year,TOTAL,Total,ENT_SRVLR_BRTH_PC,"Survival rate - enterprise survivals of respective age, divided by enterprise births in respective birth year - percentage",G46,"Wholesale trade, except of motor vehicles and motorcycles",LT,Lithuania,2023,,86.61,,,,,
dataflow,ESTAT:BD_SIZE(1.0),Business demography by size class and NACE Rev. 2 activity,A,Annual,Y1,1 year,TOTAL,Total,ENT_SRVLR_BRTH_PC,"Survival rate - enterprise survivals of respective age, divided by enterprise births in respective birth year - percentage",G47,"Retail trade, except of motor vehicles and motorcycles",LT,Lithuania,2022,,70.22,,,,,
dataflow,ESTAT:BD_SIZE(1.0),Business demography by size class and NACE Rev. 2 activity,A,Annual,Y1,1 year,TOTAL,Total,ENT_SRVLR_BRTH_PC,"Survival rate - enterprise survivals of respective age, divided by enterprise births in respective birth year - percentage",G47,"Retail trade, except of motor vehicles and motorcycles",LT,Lithuania,2023,,68.20,,,,,
dataflow,ESTAT:BD_SIZE(1.0),Business demography by size class and NACE Rev. 2 activity,A,Annual,Y1,1 year,TOTAL,Total,ENT_SRVLR_BRTH_PC,"Survival rate - enterprise survivals of respective age, divided by enterprise births in respective birth year - percentage",G471,Retail sale in non-specialised stores,LT,Lithuania,2022,,77.08,,,,,
dataflow,ESTAT:BD_SIZE(1.0),Business demography by size class and NACE Rev. 2 activity,A,Annual,Y1,1 year,TOTAL,Total,ENT_SRVLR_BRTH_PC,"Survival rate - enterprise survivals of respective age, divided by enterprise births in respective birth year - percentage",G471,Retail sale in non-specialised stores,LT,Lithuania,2023,,81.86,,,,,
dataflow,ESTAT:BD_SIZE(1.0),Business demography by size class and NACE Rev. 2 activity,A,Annual,Y1,1 year,TOTAL,Total,ENT_SRVLR_BRTH_PC,"Survival rate - enterprise survivals of respective age, divided by enterprise births in respective birth year - percentage",G472,"Retail sale of food, beverages and tobacco in specialised stores",LT,Lithuania,2022,,82.35,,,,,
dataflow,ESTAT:BD_SIZE(1.0),Business demography by size class and NACE Rev. 2 activity,A,Annual,Y1,1 year,TOTAL,Total,ENT_SRVLR_BRTH_PC,"Survival rate - enterprise survivals of respective age, divided by enterprise births in respective birth year - percentage",G472,"Retail sale of food, beverages and tobacco in specialised stores",LT,Lithuania,2023,,76.19,,,,,
dataflow,ESTAT:BD_SIZE(1.0),Business demography by size class and NACE Rev. 2 activity,A,Annual,Y1,1 year,TOTAL,Total,ENT_SRVLR_BRTH_PC,"Survival rate - enterprise survivals of respective age, divided by enterprise births in respective birth year - percentage",G473,Retail sale of automotive fuel in specialised stores,LT,Lithuania,2022,,100.00,,,,,
dataflow,ESTAT:BD_SIZE(1.0),Business demography by size class and NACE Rev. 2 activity,A,Annual,Y1,1 year,TOTAL,Total,ENT_SRVLR_BRTH_PC,"Survival rate - enterprise survivals of respective age, divided by enterprise births in respective birth year - percentage",G473,Retail sale of automotive fuel in specialised stores,LT,Lithuania,2023,,66.67,,,,,
dataflow,ESTAT:BD_SIZE(1.0),Business demography by size class and NACE Rev. 2 activity,A,Annual,Y1,1 year,TOTAL,Total,ENT_SRVLR_BRTH_PC,"Survival rate - enterprise survivals of respective age, divided by enterprise births in respective birth year - percentage",G474,Retail sale of information and communication equipment in specialised stores,LT,Lithuania,2022,,90.00,,,,,
dataflow,ESTAT:BD_SIZE(1.0),Business demography by size class and NACE Rev. 2 activity,A,Annual,Y1,1 year,TOTAL,Total,ENT_SRVLR_BRTH_PC,"Survival rate - enterprise survivals of respective age, divided by enterprise births in respective birth year - percentage",G474,Retail sale of information and communication equipment in specialised stores,LT,Lithuania,2023,,93.75,,,,,
dataflow,ESTAT:BD_SIZE(1.0),Business demography by size class and NACE Rev. 2 activity,A,Annual,Y1,1 year,TOTAL,Total,ENT_SRVLR_BRTH_PC,"Survival rate - enterprise survivals of respective age, divided by enterprise births in respective birth year - percentage",G475,Retail sale of other household equipment in specialised stores,LT,Lithuania,2022,,83.70,,,,,
dataflow,ESTAT:BD_SIZE(1.0),Business demography by size class and NACE Rev. 2 activity,A,Annual,Y1,1 year,TOTAL,Total,ENT_SRVLR_BRTH_PC,"Survival rate - enterprise survivals of respective age, divided by enterprise births in respective birth year - percentage",G475,Retail sale of other household equipment in specialised stores,LT,Lithuania,2023,,91.45,,,,,
dataflow,ESTAT:BD_SIZE(1.0),Business demography by size class and NACE Rev. 2 activity,A,Annual,Y1,1 year,TOTAL,Total,ENT_SRVLR_BRTH_PC,"Survival rate - enterprise survivals of respective age, divided by enterprise births in respective birth year - percentage",G476,Retail sale of cultural and recreation goods in specialised stores,LT,Lithuania,2022,,82.86,,,,,
dataflow,ESTAT:BD_SIZE(1.0),Business demography by size class and NACE Rev. 2 activity,A,Annual,Y1,1 year,TOTAL,Total,ENT_SRVLR_BRTH_PC,"Survival rate - enterprise survivals of respective age, divided by enterprise births in respective birth year - percentage",G476,Retail sale of cultural and recreation goods in specialised stores,LT,Lithuania,2023,,91.43,,,,,
dataflow,ESTAT:BD_SIZE(1.0),Business demography by size class and NACE Rev. 2 activity,A,Annual,Y1,1 year,TOTAL,Total,ENT_SRVLR_BRTH_PC,"Survival rate - enterprise survivals of respective age, divided by enterprise births in respective birth year - percentage",G477,Retail sale of other goods in specialised stores,LT,Lithuania,2022,,80.42,,,,,
dataflow,ESTAT:BD_SIZE(1.0),Business demography by size class and NACE Rev. 2 activity,A,Annual,Y1,1 year,TOTAL,Total,ENT_SRVLR_BRTH_PC,"Survival rate - enterprise survivals of respective age, divided by enterprise births in respective birth year - percentage",G477,Retail sale of other goods in specialised stores,LT,Lithuania,2023,,77.98,,,,,
dataflow,ESTAT:BD_SIZE(1.0),Business demography by size class and NACE Rev. 2 activity,A,Annual,Y1,1 year,TOTAL,Total,ENT_SRVLR_BRTH_PC,"Survival rate - enterprise survivals of respective age, divided by enterprise births in respective birth year - percentage",G478,Retail sale via stalls and markets,LT,Lithuania,2022,,56.73,,,,,
dataflow,ESTAT:BD_SIZE(1.0),Business demography by size class and NACE Rev. 2 activity,A,Annual,Y1,1 year,TOTAL,Total,ENT_SRVLR_BRTH_PC,"Survival rate - enterprise survivals of respective age, divided by enterprise births in respective birth year - percentage",G478,Retail sale via stalls and markets,LT,Lithuania,2023,,55.54,,,,,
dataflow,ESTAT:BD_SIZE(1.0),Business demography by size class and NACE Rev. 2 activity,A,Annual,Y1,1 year,TOTAL,Total,ENT_SRVLR_BRTH_PC,"Survival rate - enterprise survivals of respective age, divided by enterprise births in respective birth year - percentage",G479,"Retail trade not in stores, stalls or markets",LT,Lithuania,2022,,76.28,,,,,
dataflow,ESTAT:BD_SIZE(1.0),Business demography by size class and NACE Rev. 2 activity,A,Annual,Y1,1 year,TOTAL,Total,ENT_SRVLR_BRTH_PC,"Survival rate - enterprise survivals of respective age, divided by enterprise births in respective birth year - percentage",G479,"Retail trade not in stores, stalls or markets",LT,Lithuania,2023,,74.39,,,,,
dataflow,ESTAT:BD_SIZE(1.0),Business demography by size class and NACE Rev. 2 activity,A,Annual,Y1,1 year,TOTAL,Total,ENT_SRVLR_BRTH_PC,"Survival rate - enterprise survivals of respective age, divided by enterprise births in respective birth year - percentage",H,Transportation and storage,LT,Lithuania,2022,,62.43,,,,,
dataflow,ESTAT:BD_SIZE(1.0),Business demography by size class and NACE Rev. 2 activity,A,Annual,Y1,1 year,TOTAL,Total,ENT_SRVLR_BRTH_PC,"Survival rate - enterprise survivals of respective age, divided by enterprise births in respective birth year - percentage",H,Transportation and storage,LT,Lithuania,2023,,59.66,,,,,
dataflow,ESTAT:BD_SIZE(1.0),Business demography by size class and NACE Rev. 2 activity,A,Annual,Y1,1 year,TOTAL,Total,ENT_SRVLR_BRTH_PC,"Survival rate - enterprise survivals of respective age, divided by enterprise births in respective birth year - percentage",H49,Land transport and transport via pipelines,LT,Lithuania,2022,,66.96,,,,,
dataflow,ESTAT:BD_SIZE(1.0),Business demography by size class and NACE Rev. 2 activity,A,Annual,Y1,1 year,TOTAL,Total,ENT_SRVLR_BRTH_PC,"Survival rate - enterprise survivals of respective age, divided by enterprise births in respective birth year - percentage",H49,Land transport and transport via pipelines,LT,Lithuania,2023,,61.52,,,,,
dataflow,ESTAT:BD_SIZE(1.0),Business demography by size class and NACE Rev. 2 activity,A,Annual,Y1,1 year,TOTAL,Total,ENT_SRVLR_BRTH_PC,"Survival rate - enterprise survivals of respective age, divided by enterprise births in respective birth year - percentage",H50,Water transport,LT,Lithuania,2022,,100.00,,,,,
dataflow,ESTAT:BD_SIZE(1.0),Business demography by size class and NACE Rev. 2 activity,A,Annual,Y1,1 year,TOTAL,Total,ENT_SRVLR_BRTH_PC,"Survival rate - enterprise survivals of respective age, divided by enterprise births in respective birth year - percentage",H50,Water transport,LT,Lithuania,2023,,62.50,,,,,
dataflow,ESTAT:BD_SIZE(1.0),Business demography by size class and NACE Rev. 2 activity,A,Annual,Y1,1 year,TOTAL,Total,ENT_SRVLR_BRTH_PC,"Survival rate - enterprise survivals of respective age, divided by enterprise births in respective birth year - percentage",H51,Air transport,LT,Lithuania,2022,,76.71,,,,,
dataflow,ESTAT:BD_SIZE(1.0),Business demography by size class and NACE Rev. 2 activity,A,Annual,Y1,1 year,TOTAL,Total,ENT_SRVLR_BRTH_PC,"Survival rate - enterprise survivals of respective age, divided by enterprise births in respective birth year - percentage",H51,Air transport,LT,Lithuania,2023,,80.00,,,,,
dataflow,ESTAT:BD_SIZE(1.0),Business demography by size class and NACE Rev. 2 activity,A,Annual,Y1,1 year,TOTAL,Total,ENT_SRVLR_BRTH_PC,"Survival rate - enterprise survivals of respective age, divided by enterprise births in respective birth year - percentage",H52,Warehousing and support activities for transportation,LT,Lithuania,2022,,75.89,,,,,
dataflow,ESTAT:BD_SIZE(1.0),Business demography by size class and NACE Rev. 2 activity,A,Annual,Y1,1 year,TOTAL,Total,ENT_SRVLR_BRTH_PC,"Survival rate - enterprise survivals of respective age, divided by enterprise births in respective birth year - percentage",H52,Warehousing and support activities for transportation,LT,Lithuania,2023,,74.50,,,,,
dataflow,ESTAT:BD_SIZE(1.0),Business demography by size class and NACE Rev. 2 activity,A,Annual,Y1,1 year,TOTAL,Total,ENT_SRVLR_BRTH_PC,"Survival rate - enterprise survivals of respective age, divided by enterprise births in respective birth year - percentage",H53,Postal and courier activities,LT,Lithuania,2022,,56.83,,,,,
dataflow,ESTAT:BD_SIZE(1.0),Business demography by size class and NACE Rev. 2 activity,A,Annual,Y1,1 year,TOTAL,Total,ENT_SRVLR_BRTH_PC,"Survival rate - enterprise survivals of respective age, divided by enterprise births in respective birth year - percentage",H53,Postal and courier activities,LT,Lithuania,2023,,56.25,,,,,
dataflow,ESTAT:BD_SIZE(1.0),Business demography by size class and NACE Rev. 2 activity,A,Annual,Y1,1 year,TOTAL,Total,ENT_SRVLR_BRTH_PC,"Survival rate - enterprise survivals of respective age, divided by enterprise births in respective birth year - percentage",I,Accommodation and food service activities,LT,Lithuania,2022,,78.48,,,,,
dataflow,ESTAT:BD_SIZE(1.0),Business demography by size class and NACE Rev. 2 activity,A,Annual,Y1,1 year,TOTAL,Total,ENT_SRVLR_BRTH_PC,"Survival rate - enterprise survivals of respective age, divided by enterprise births in respective birth year - percentage",I,Accommodation and food service activities,LT,Lithuania,2023,,77.58,,,,,
dataflow,ESTAT:BD_SIZE(1.0),Business demography by size class and NACE Rev. 2 activity,A,Annual,Y1,1 year,TOTAL,Total,ENT_SRVLR_BRTH_PC,"Survival rate - enterprise survivals of respective age, divided by enterprise births in respective birth year - percentage",I55,Accommodation,LT,Lithuania,2022,,76.34,,,,,
dataflow,ESTAT:BD_SIZE(1.0),Business demography by size class and NACE Rev. 2 activity,A,Annual,Y1,1 year,TOTAL,Total,ENT_SRVLR_BRTH_PC,"Survival rate - enterprise survivals of respective age, divided by enterprise births in respective birth year - percentage",I55,Accommodation,LT,Lithuania,2023,,76.29,,,,,
dataflow,ESTAT:BD_SIZE(1.0),Business demography by size class and NACE Rev. 2 activity,A,Annual,Y1,1 year,TOTAL,Total,ENT_SRVLR_BRTH_PC,"Survival rate - enterprise survivals of respective age, divided by enterprise births in respective birth year - percentage",I56,Food and beverage service activities,LT,Lithuania,2022,,82.02,,,,,
dataflow,ESTAT:BD_SIZE(1.0),Business demography by size class and NACE Rev. 2 activity,A,Annual,Y1,1 year,TOTAL,Total,ENT_SRVLR_BRTH_PC,"Survival rate - enterprise survivals of respective age, divided by enterprise births in respective birth year - percentage",I56,Food and beverage service activities,LT,Lithuania,2023,,80.65,,,,,
dataflow,ESTAT:BD_SIZE(1.0),Business demography by size class and NACE Rev. 2 activity,A,Annual,Y1,1 year,TOTAL,Total,ENT_SRVLR_BRTH_PC,"Survival rate - enterprise survivals of respective age, divided by enterprise births in respective birth year - percentage",ICT,Information and Communication Technology - total,LT,Lithuania,2022,,75.34,,,,,
dataflow,ESTAT:BD_SIZE(1.0),Business demography by size class and NACE Rev. 2 activity,A,Annual,Y1,1 year,TOTAL,Total,ENT_SRVLR_BRTH_PC,"Survival rate - enterprise survivals of respective age, divided by enterprise births in respective birth year - percentage",ICT,Information and Communication Technology - total,LT,Lithuania,2023,,78.51,,,,,
dataflow,ESTAT:BD_SIZE(1.0),Business demography by size class and NACE Rev. 2 activity,A,Annual,Y1,1 year,TOTAL,Total,ENT_SRVLR_BRTH_PC,"Survival rate - enterprise survivals of respective age, divided by enterprise births in respective birth year - percentage",J,Information and communication,LT,Lithuania,2022,,76.53,,,,,
dataflow,ESTAT:BD_SIZE(1.0),Business demography by size class and NACE Rev. 2 activity,A,Annual,Y1,1 year,TOTAL,Total,ENT_SRVLR_BRTH_PC,"Survival rate - enterprise survivals of respective age, divided by enterprise births in respective birth year - percentage",J,Information and communication,LT,Lithuania,2023,,78.11,,,,,
dataflow,ESTAT:BD_SIZE(1.0),Business demography by size class and NACE Rev. 2 activity,A,Annual,Y1,1 year,TOTAL,Total,ENT_SRVLR_BRTH_PC,"Survival rate - enterprise survivals of respective age, divided by enterprise births in respective birth year - percentage",J58,Publishing activities,LT,Lithuania,2022,,78.33,,,,,
dataflow,ESTAT:BD_SIZE(1.0),Business demography by size class and NACE Rev. 2 activity,A,Annual,Y1,1 year,TOTAL,Total,ENT_SRVLR_BRTH_PC,"Survival rate - enterprise survivals of respective age, divided by enterprise births in respective birth year - percentage",J58,Publishing activities,LT,Lithuania,2023,,82.96,,,,,
dataflow,ESTAT:BD_SIZE(1.0),Business demography by size class and NACE Rev. 2 activity,A,Annual,Y1,1 year,TOTAL,Total,ENT_SRVLR_BRTH_PC,"Survival rate - enterprise survivals of respective age, divided by enterprise births in respective birth year - percentage",J59,"Motion picture, video and television programme production, sound recording and music publishing activities",LT,Lithuania,2022,,81.19,,,,,
dataflow,ESTAT:BD_SIZE(1.0),Business demography by size class and NACE Rev. 2 activity,A,Annual,Y1,1 year,TOTAL,Total,ENT_SRVLR_BRTH_PC,"Survival rate - enterprise survivals of respective age, divided by enterprise births in respective birth year - percentage",J59,"Motion picture, video and television programme production, sound recording and music publishing activities",LT,Lithuania,2023,,78.09,,,,,
dataflow,ESTAT:BD_SIZE(1.0),Business demography by size class and NACE Rev. 2 activity,A,Annual,Y1,1 year,TOTAL,Total,ENT_SRVLR_BRTH_PC,"Survival rate - enterprise survivals of respective age, divided by enterprise births in respective birth year - percentage",J60,Programming and broadcasting activities,LT,Lithuania,2022,,73.08,,,,,
dataflow,ESTAT:BD_SIZE(1.0),Business demography by size class and NACE Rev. 2 activity,A,Annual,Y1,1 year,TOTAL,Total,ENT_SRVLR_BRTH_PC,"Survival rate - enterprise survivals of respective age, divided by enterprise births in respective birth year - percentage",J60,Programming and broadcasting activities,LT,Lithuania,2023,,85.71,,,,,
dataflow,ESTAT:BD_SIZE(1.0),Business demography by size class and NACE Rev. 2 activity,A,Annual,Y1,1 year,TOTAL,Total,ENT_SRVLR_BRTH_PC,"Survival rate - enterprise survivals of respective age, divided by enterprise births in respective birth year - percentage",J61,Telecommunications,LT,Lithuania,2022,,71.43,,,,,
dataflow,ESTAT:BD_SIZE(1.0),Business demography by size class and NACE Rev. 2 activity,A,Annual,Y1,1 year,TOTAL,Total,ENT_SRVLR_BRTH_PC,"Survival rate - enterprise survivals of respective age, divided by enterprise births in respective birth year - percentage",J61,Telecommunications,LT,Lithuania,2023,,72.00,,,,,
dataflow,ESTAT:BD_SIZE(1.0),Business demography by size class and NACE Rev. 2 activity,A,Annual,Y1,1 year,TOTAL,Total,ENT_SRVLR_BRTH_PC,"Survival rate - enterprise survivals of respective age, divided by enterprise births in respective birth year - percentage",J62,"Computer programming, consultancy and related activities",LT,Lithuania,2022,,76.78,,,,,
dataflow,ESTAT:BD_SIZE(1.0),Business demography by size class and NACE Rev. 2 activity,A,Annual,Y1,1 year,TOTAL,Total,ENT_SRVLR_BRTH_PC,"Survival rate - enterprise survivals of respective age, divided by enterprise births in respective birth year - percentage",J62,"Computer programming, consultancy and related activities",LT,Lithuania,2023,,80.19,,,,,
dataflow,ESTAT:BD_SIZE(1.0),Business demography by size class and NACE Rev. 2 activity,A,Annual,Y1,1 year,TOTAL,Total,ENT_SRVLR_BRTH_PC,"Survival rate - enterprise survivals of respective age, divided by enterprise births in respective birth year - percentage",J620,"Computer programming, consultancy and related activities",LT,Lithuania,2022,,76.78,,,,,
dataflow,ESTAT:BD_SIZE(1.0),Business demography by size class and NACE Rev. 2 activity,A,Annual,Y1,1 year,TOTAL,Total,ENT_SRVLR_BRTH_PC,"Survival rate - enterprise survivals of respective age, divided by enterprise births in respective birth year - percentage",J620,"Computer programming, consultancy and related activities",LT,Lithuania,2023,,80.19,,,,,
dataflow,ESTAT:BD_SIZE(1.0),Business demography by size class and NACE Rev. 2 activity,A,Annual,Y1,1 year,TOTAL,Total,ENT_SRVLR_BRTH_PC,"Survival rate - enterprise survivals of respective age, divided by enterprise births in respective birth year - percentage",J6201,Computer programming activities,LT,Lithuania,2022,,77.34,,,,,
dataflow,ESTAT:BD_SIZE(1.0),Business demography by size class and NACE Rev. 2 activity,A,Annual,Y1,1 year,TOTAL,Total,ENT_SRVLR_BRTH_PC,"Survival rate - enterprise survivals of respective age, divided by enterprise births in respective birth year - percentage",J6201,Computer programming activities,LT,Lithuania,2023,,81.32,,,,,
dataflow,ESTAT:BD_SIZE(1.0),Business demography by size class and NACE Rev. 2 activity,A,Annual,Y1,1 year,TOTAL,Total,ENT_SRVLR_BRTH_PC,"Survival rate - enterprise survivals of respective age, divided by enterprise births in respective birth year - percentage",J6202,Computer consultancy activities,LT,Lithuania,2022,,82.32,,,,,
dataflow,ESTAT:BD_SIZE(1.0),Business demography by size class and NACE Rev. 2 activity,A,Annual,Y1,1 year,TOTAL,Total,ENT_SRVLR_BRTH_PC,"Survival rate - enterprise survivals of respective age, divided by enterprise births in respective birth year - percentage",J6202,Computer consultancy activities,LT,Lithuania,2023,,80.10,,,,,
dataflow,ESTAT:BD_SIZE(1.0),Business demography by size class and NACE Rev. 2 activity,A,Annual,Y1,1 year,TOTAL,Total,ENT_SRVLR_BRTH_PC,"Survival rate - enterprise survivals of respective age, divided by enterprise births in respective birth year - percentage",J6203,Computer facilities management activities,LT,Lithuania,2022,,62.50,,,,,
dataflow,ESTAT:BD_SIZE(1.0),Business demography by size class and NACE Rev. 2 activity,A,Annual,Y1,1 year,TOTAL,Total,ENT_SRVLR_BRTH_PC,"Survival rate - enterprise survivals of respective age, divided by enterprise births in respective birth year - percentage",J6203,Computer facilities management activities,LT,Lithuania,2023,,86.11,,,,,
dataflow,ESTAT:BD_SIZE(1.0),Business demography by size class and NACE Rev. 2 activity,A,Annual,Y1,1 year,TOTAL,Total,ENT_SRVLR_BRTH_PC,"Survival rate - enterprise survivals of respective age, divided by enterprise births in respective birth year - percentage",J6209,Other information technology and computer service activities,LT,Lithuania,2022,,71.60,,,,,
dataflow,ESTAT:BD_SIZE(1.0),Business demography by size class and NACE Rev. 2 activity,A,Annual,Y1,1 year,TOTAL,Total,ENT_SRVLR_BRTH_PC,"Survival rate - enterprise survivals of respective age, divided by enterprise births in respective birth year - percentage",J6209,Other information technology and computer service activities,LT,Lithuania,2023,,74.12,,,,,
dataflow,ESTAT:BD_SIZE(1.0),Business demography by size class and NACE Rev. 2 activity,A,Annual,Y1,1 year,TOTAL,Total,ENT_SRVLR_BRTH_PC,"Survival rate - enterprise survivals of respective age, divided by enterprise births in respective birth year - percentage",J63,Information service activities,LT,Lithuania,2022,,71.79,,,,,
dataflow,ESTAT:BD_SIZE(1.0),Business demography by size class and NACE Rev. 2 activity,A,Annual,Y1,1 year,TOTAL,Total,ENT_SRVLR_BRTH_PC,"Survival rate - enterprise survivals of respective age, divided by enterprise births in respective birth year - percentage",J63,Information service activities,LT,Lithuania,2023,,68.31,,,,,
dataflow,ESTAT:BD_SIZE(1.0),Business demography by size class and NACE Rev. 2 activity,A,Annual,Y1,1 year,TOTAL,Total,ENT_SRVLR_BRTH_PC,"Survival rate - enterprise survivals of respective age, divided by enterprise births in respective birth year - percentage",K,Financial and insurance activities,LT,Lithuania,2022,,64.58,,,,,
dataflow,ESTAT:BD_SIZE(1.0),Business demography by size class and NACE Rev. 2 activity,A,Annual,Y1,1 year,TOTAL,Total,ENT_SRVLR_BRTH_PC,"Survival rate - enterprise survivals of respective age, divided by enterprise births in respective birth year - percentage",K,Financial and insurance activities,LT,Lithuania,2023,,74.00,,,,,
dataflow,ESTAT:BD_SIZE(1.0),Business demography by size class and NACE Rev. 2 activity,A,Annual,Y1,1 year,TOTAL,Total,ENT_SRVLR_BRTH_PC,"Survival rate - enterprise survivals of respective age, divided by enterprise births in respective birth year - percentage",K64,"Financial service activities, except insurance and pension funding",LT,Lithuania,2022,,63.89,,,,,
dataflow,ESTAT:BD_SIZE(1.0),Business demography by size class and NACE Rev. 2 activity,A,Annual,Y1,1 year,TOTAL,Total,ENT_SRVLR_BRTH_PC,"Survival rate - enterprise survivals of respective age, divided by enterprise births in respective birth year - percentage",K64,"Financial service activities, except insurance and pension funding",LT,Lithuania,2023,,88.89,,,,,
dataflow,ESTAT:BD_SIZE(1.0),Business demography by size class and NACE Rev. 2 activity,A,Annual,Y1,1 year,TOTAL,Total,ENT_SRVLR_BRTH_PC,"Survival rate - enterprise survivals of respective age, divided by enterprise births in respective birth year - percentage",K65,"Insurance, reinsurance and pension funding, except compulsory social security",LT,Lithuania,2023,,100.00,,,,,
dataflow,ESTAT:BD_SIZE(1.0),Business demography by size class and NACE Rev. 2 activity,A,Annual,Y1,1 year,TOTAL,Total,ENT_SRVLR_BRTH_PC,"Survival rate - enterprise survivals of respective age, divided by enterprise births in respective birth year - percentage",K66,Activities auxiliary to financial services and insurance activities,LT,Lithuania,2022,,66.67,,,,,
dataflow,ESTAT:BD_SIZE(1.0),Business demography by size class and NACE Rev. 2 activity,A,Annual,Y1,1 year,TOTAL,Total,ENT_SRVLR_BRTH_PC,"Survival rate - enterprise survivals of respective age, divided by enterprise births in respective birth year - percentage",K66,Activities auxiliary to financial services and insurance activities,LT,Lithuania,2023,,64.52,,,,,
dataflow,ESTAT:BD_SIZE(1.0),Business demography by size class and NACE Rev. 2 activity,A,Annual,Y1,1 year,TOTAL,Total,ENT_SRVLR_BRTH_PC,"Survival rate - enterprise survivals of respective age, divided by enterprise births in respective birth year - percentage",L,Real estate activities,LT,Lithuania,2022,,78.30,,,,,
dataflow,ESTAT:BD_SIZE(1.0),Business demography by size class and NACE Rev. 2 activity,A,Annual,Y1,1 year,TOTAL,Total,ENT_SRVLR_BRTH_PC,"Survival rate - enterprise survivals of respective age, divided by enterprise births in respective birth year - percentage",L,Real estate activities,LT,Lithuania,2023,,76.43,,,,,
dataflow,ESTAT:BD_SIZE(1.0),Business demography by size class and NACE Rev. 2 activity,A,Annual,Y1,1 year,TOTAL,Total,ENT_SRVLR_BRTH_PC,"Survival rate - enterprise survivals of respective age, divided by enterprise births in respective birth year - percentage",L68,Real estate activities,LT,Lithuania,2022,,78.30,,,,,
dataflow,ESTAT:BD_SIZE(1.0),Business demography by size class and NACE Rev. 2 activity,A,Annual,Y1,1 year,TOTAL,Total,ENT_SRVLR_BRTH_PC,"Survival rate - enterprise survivals of respective age, divided by enterprise births in respective birth year - percentage",L68,Real estate activities,LT,Lithuania,2023,,76.43,,,,,
dataflow,ESTAT:BD_SIZE(1.0),Business demography by size class and NACE Rev. 2 activity,A,Annual,Y1,1 year,TOTAL,Total,ENT_SRVLR_BRTH_PC,"Survival rate - enterprise survivals of respective age, divided by enterprise births in respective birth year - percentage",L681,Buying and selling of own real estate,LT,Lithuania,2022,,79.89,,,,,
dataflow,ESTAT:BD_SIZE(1.0),Business demography by size class and NACE Rev. 2 activity,A,Annual,Y1,1 year,TOTAL,Total,ENT_SRVLR_BRTH_PC,"Survival rate - enterprise survivals of respective age, divided by enterprise births in respective birth year - percentage",L681,Buying and selling of own real estate,LT,Lithuania,2023,,77.03,,,,,
dataflow,ESTAT:BD_SIZE(1.0),Business demography by size class and NACE Rev. 2 activity,A,Annual,Y1,1 year,TOTAL,Total,ENT_SRVLR_BRTH_PC,"Survival rate - enterprise survivals of respective age, divided by enterprise births in respective birth year - percentage",L682,Renting and operating of own or leased real estate,LT,Lithuania,2022,,79.14,,,,,
dataflow,ESTAT:BD_SIZE(1.0),Business demography by size class and NACE Rev. 2 activity,A,Annual,Y1,1 year,TOTAL,Total,ENT_SRVLR_BRTH_PC,"Survival rate - enterprise survivals of respective age, divided by enterprise births in respective birth year - percentage",L682,Renting and operating of own or leased real estate,LT,Lithuania,2023,,76.77,,,,,
dataflow,ESTAT:BD_SIZE(1.0),Business demography by size class and NACE Rev. 2 activity,A,Annual,Y1,1 year,TOTAL,Total,ENT_SRVLR_BRTH_PC,"Survival rate - enterprise survivals of respective age, divided by enterprise births in respective birth year - percentage",L683,Real estate activities on a fee or contract basis,LT,Lithuania,2022,,67.69,,,,,
dataflow,ESTAT:BD_SIZE(1.0),Business demography by size class and NACE Rev. 2 activity,A,Annual,Y1,1 year,TOTAL,Total,ENT_SRVLR_BRTH_PC,"Survival rate - enterprise survivals of respective age, divided by enterprise births in respective birth year - percentage",L683,Real estate activities on a fee or contract basis,LT,Lithuania,2023,,64.23,,,,,
dataflow,ESTAT:BD_SIZE(1.0),Business demography by size class and NACE Rev. 2 activity,A,Annual,Y1,1 year,TOTAL,Total,ENT_SRVLR_BRTH_PC,"Survival rate - enterprise survivals of respective age, divided by enterprise births in respective birth year - percentage",M,"Professional, scientific and technical activities",LT,Lithuania,2022,,74.68,,,,,
dataflow,ESTAT:BD_SIZE(1.0),Business demography by size class and NACE Rev. 2 activity,A,Annual,Y1,1 year,TOTAL,Total,ENT_SRVLR_BRTH_PC,"Survival rate - enterprise survivals of respective age, divided by enterprise births in respective birth year - percentage",M,"Professional, scientific and technical activities",LT,Lithuania,2023,,74.31,,,,,
dataflow,ESTAT:BD_SIZE(1.0),Business demography by size class and NACE Rev. 2 activity,A,Annual,Y1,1 year,TOTAL,Total,ENT_SRVLR_BRTH_PC,"Survival rate - enterprise survivals of respective age, divided by enterprise births in respective birth year - percentage",M69,Legal and accounting activities,LT,Lithuania,2022,,83.68,,,,,
dataflow,ESTAT:BD_SIZE(1.0),Business demography by size class and NACE Rev. 2 activity,A,Annual,Y1,1 year,TOTAL,Total,ENT_SRVLR_BRTH_PC,"Survival rate - enterprise survivals of respective age, divided by enterprise births in respective birth year - percentage",M69,Legal and accounting activities,LT,Lithuania,2023,,83.09,,,,,
dataflow,ESTAT:BD_SIZE(1.0),Business demography by size class and NACE Rev. 2 activity,A,Annual,Y1,1 year,TOTAL,Total,ENT_SRVLR_BRTH_PC,"Survival rate - enterprise survivals of respective age, divided by enterprise births in respective birth year - percentage",M691,Legal activities,LT,Lithuania,2022,,80.00,,,,,
dataflow,ESTAT:BD_SIZE(1.0),Business demography by size class and NACE Rev. 2 activity,A,Annual,Y1,1 year,TOTAL,Total,ENT_SRVLR_BRTH_PC,"Survival rate - enterprise survivals of respective age, divided by enterprise births in respective birth year - percentage",M691,Legal activities,LT,Lithuania,2023,,79.29,,,,,
dataflow,ESTAT:BD_SIZE(1.0),Business demography by size class and NACE Rev. 2 activity,A,Annual,Y1,1 year,TOTAL,Total,ENT_SRVLR_BRTH_PC,"Survival rate - enterprise survivals of respective age, divided by enterprise births in respective birth year - percentage",M692,"Accounting, bookkeeping and auditing activities; tax consultancy",LT,Lithuania,2022,,85.69,,,,,
dataflow,ESTAT:BD_SIZE(1.0),Business demography by size class and NACE Rev. 2 activity,A,Annual,Y1,1 year,TOTAL,Total,ENT_SRVLR_BRTH_PC,"Survival rate - enterprise survivals of respective age, divided by enterprise births in respective birth year - percentage",M692,"Accounting, bookkeeping and auditing activities; tax consultancy",LT,Lithuania,2023,,85.40,,,,,
dataflow,ESTAT:BD_SIZE(1.0),Business demography by size class and NACE Rev. 2 activity,A,Annual,Y1,1 year,TOTAL,Total,ENT_SRVLR_BRTH_PC,"Survival rate - enterprise survivals of respective age, divided by enterprise births in respective birth year - percentage",M70,Activities of head offices; management consultancy activities,LT,Lithuania,2022,,77.06,,,,,
dataflow,ESTAT:BD_SIZE(1.0),Business demography by size class and NACE Rev. 2 activity,A,Annual,Y1,1 year,TOTAL,Total,ENT_SRVLR_BRTH_PC,"Survival rate - enterprise survivals of respective age, divided by enterprise births in respective birth year - percentage",M70,Activities of head offices; management consultancy activities,LT,Lithuania,2023,,77.77,,,,,
dataflow,ESTAT:BD_SIZE(1.0),Business demography by size class and NACE Rev. 2 activity,A,Annual,Y1,1 year,TOTAL,Total,ENT_SRVLR_BRTH_PC,"Survival rate - enterprise survivals of respective age, divided by enterprise births in respective birth year - percentage",M701,Activities of head offices,LT,Lithuania,2022,,86.36,,,,,
dataflow,ESTAT:BD_SIZE(1.0),Business demography by size class and NACE Rev. 2 activity,A,Annual,Y1,1 year,TOTAL,Total,ENT_SRVLR_BRTH_PC,"Survival rate - enterprise survivals of respective age, divided by enterprise births in respective birth year - percentage",M701,Activities of head offices,LT,Lithuania,2023,,85.29,,,,,
dataflow,ESTAT:BD_SIZE(1.0),Business demography by size class and NACE Rev. 2 activity,A,Annual,Y1,1 year,TOTAL,Total,ENT_SRVLR_BRTH_PC,"Survival rate - enterprise survivals of respective age, divided by enterprise births in respective birth year - percentage",M702,Management consultancy activities,LT,Lithuania,2022,,76.93,,,,,
dataflow,ESTAT:BD_SIZE(1.0),Business demography by size class and NACE Rev. 2 activity,A,Annual,Y1,1 year,TOTAL,Total,ENT_SRVLR_BRTH_PC,"Survival rate - enterprise survivals of respective age, divided by enterprise births in respective birth year - percentage",M702,Management consultancy activities,LT,Lithuania,2023,,77.62,,,,,
dataflow,ESTAT:BD_SIZE(1.0),Business demography by size class and NACE Rev. 2 activity,A,Annual,Y1,1 year,TOTAL,Total,ENT_SRVLR_BRTH_PC,"Survival rate - enterprise survivals of respective age, divided by enterprise births in respective birth year - percentage",M71,Architectural and engineering activities; technical testing and analysis,LT,Lithuania,2022,,82.37,,,,,
dataflow,ESTAT:BD_SIZE(1.0),Business demography by size class and NACE Rev. 2 activity,A,Annual,Y1,1 year,TOTAL,Total,ENT_SRVLR_BRTH_PC,"Survival rate - enterprise survivals of respective age, divided by enterprise births in respective birth year - percentage",M71,Architectural and engineering activities; technical testing and analysis,LT,Lithuania,2023,,81.82,,,,,
dataflow,ESTAT:BD_SIZE(1.0),Business demography by size class and NACE Rev. 2 activity,A,Annual,Y1,1 year,TOTAL,Total,ENT_SRVLR_BRTH_PC,"Survival rate - enterprise survivals of respective age, divided by enterprise births in respective birth year - percentage",M711,Architectural and engineering activities and related technical consultancy,LT,Lithuania,2022,,82.21,,,,,
dataflow,ESTAT:BD_SIZE(1.0),Business demography by size class and NACE Rev. 2 activity,A,Annual,Y1,1 year,TOTAL,Total,ENT_SRVLR_BRTH_PC,"Survival rate - enterprise survivals of respective age, divided by enterprise births in respective birth year - percentage",M711,Architectural and engineering activities and related technical consultancy,LT,Lithuania,2023,,81.65,,,,,
dataflow,ESTAT:BD_SIZE(1.0),Business demography by size class and NACE Rev. 2 activity,A,Annual,Y1,1 year,TOTAL,Total,ENT_SRVLR_BRTH_PC,"Survival rate - enterprise survivals of respective age, divided by enterprise births in respective birth year - percentage",M712,Technical testing and analysis,LT,Lithuania,2022,,100.00,,,,,
dataflow,ESTAT:BD_SIZE(1.0),Business demography by size class and NACE Rev. 2 activity,A,Annual,Y1,1 year,TOTAL,Total,ENT_SRVLR_BRTH_PC,"Survival rate - enterprise survivals of respective age, divided by enterprise births in respective birth year - percentage",M712,Technical testing and analysis,LT,Lithuania,2023,,92.31,,,,,
dataflow,ESTAT:BD_SIZE(1.0),Business demography by size class and NACE Rev. 2 activity,A,Annual,Y1,1 year,TOTAL,Total,ENT_SRVLR_BRTH_PC,"Survival rate - enterprise survivals of respective age, divided by enterprise births in respective birth year - percentage",M72,Scientific research and development,LT,Lithuania,2022,,70.00,,,,,
dataflow,ESTAT:BD_SIZE(1.0),Business demography by size class and NACE Rev. 2 activity,A,Annual,Y1,1 year,TOTAL,Total,ENT_SRVLR_BRTH_PC,"Survival rate - enterprise survivals of respective age, divided by enterprise births in respective birth year - percentage",M72,Scientific research and development,LT,Lithuania,2023,,65.91,,,,,
dataflow,ESTAT:BD_SIZE(1.0),Business demography by size class and NACE Rev. 2 activity,A,Annual,Y1,1 year,TOTAL,Total,ENT_SRVLR_BRTH_PC,"Survival rate - enterprise survivals of respective age, divided by enterprise births in respective birth year - percentage",M721,Research and experimental development on natural sciences and engineering,LT,Lithuania,2022,,70.98,,,,,
dataflow,ESTAT:BD_SIZE(1.0),Business demography by size class and NACE Rev. 2 activity,A,Annual,Y1,1 year,TOTAL,Total,ENT_SRVLR_BRTH_PC,"Survival rate - enterprise survivals of respective age, divided by enterprise births in respective birth year - percentage",M721,Research and experimental development on natural sciences and engineering,LT,Lithuania,2023,,70.75,,,,,
dataflow,ESTAT:BD_SIZE(1.0),Business demography by size class and NACE Rev. 2 activity,A,Annual,Y1,1 year,TOTAL,Total,ENT_SRVLR_BRTH_PC,"Survival rate - enterprise survivals of respective age, divided by enterprise births in respective birth year - percentage",M722,Research and experimental development on social sciences and humanities,LT,Lithuania,2022,,67.44,,,,,
dataflow,ESTAT:BD_SIZE(1.0),Business demography by size class and NACE Rev. 2 activity,A,Annual,Y1,1 year,TOTAL,Total,ENT_SRVLR_BRTH_PC,"Survival rate - enterprise survivals of respective age, divided by enterprise births in respective birth year - percentage",M722,Research and experimental development on social sciences and humanities,LT,Lithuania,2023,,56.16,,,,,
dataflow,ESTAT:BD_SIZE(1.0),Business demography by size class and NACE Rev. 2 activity,A,Annual,Y1,1 year,TOTAL,Total,ENT_SRVLR_BRTH_PC,"Survival rate - enterprise survivals of respective age, divided by enterprise births in respective birth year - percentage",M73,Advertising and market research,LT,Lithuania,2022,,72.36,,,,,
dataflow,ESTAT:BD_SIZE(1.0),Business demography by size class and NACE Rev. 2 activity,A,Annual,Y1,1 year,TOTAL,Total,ENT_SRVLR_BRTH_PC,"Survival rate - enterprise survivals of respective age, divided by enterprise births in respective birth year - percentage",M73,Advertising and market research,LT,Lithuania,2023,,68.68,,,,,
dataflow,ESTAT:BD_SIZE(1.0),Business demography by size class and NACE Rev. 2 activity,A,Annual,Y1,1 year,TOTAL,Total,ENT_SRVLR_BRTH_PC,"Survival rate - enterprise survivals of respective age, divided by enterprise births in respective birth year - percentage",M731,Advertising,LT,Lithuania,2022,,73.26,,,,,
dataflow,ESTAT:BD_SIZE(1.0),Business demography by size class and NACE Rev. 2 activity,A,Annual,Y1,1 year,TOTAL,Total,ENT_SRVLR_BRTH_PC,"Survival rate - enterprise survivals of respective age, divided by enterprise births in respective birth year - percentage",M731,Advertising,LT,Lithuania,2023,,69.58,,,,,
dataflow,ESTAT:BD_SIZE(1.0),Business demography by size class and NACE Rev. 2 activity,A,Annual,Y1,1 year,TOTAL,Total,ENT_SRVLR_BRTH_PC,"Survival rate - enterprise survivals of respective age, divided by enterprise births in respective birth year - percentage",M732,Market research and public opinion polling,LT,Lithuania,2022,,63.06,,,,,
dataflow,ESTAT:BD_SIZE(1.0),Business demography by size class and NACE Rev. 2 activity,A,Annual,Y1,1 year,TOTAL,Total,ENT_SRVLR_BRTH_PC,"Survival rate - enterprise survivals of respective age, divided by enterprise births in respective birth year - percentage",M732,Market research and public opinion polling,LT,Lithuania,2023,,58.88,,,,,
dataflow,ESTAT:BD_SIZE(1.0),Business demography by size class and NACE Rev. 2 activity,A,Annual,Y1,1 year,TOTAL,Total,ENT_SRVLR_BRTH_PC,"Survival rate - enterprise survivals of respective age, divided by enterprise births in respective birth year - percentage",M74,"Other professional, scientific and technical activities",LT,Lithuania,2022,,68.18,,,,,
dataflow,ESTAT:BD_SIZE(1.0),Business demography by size class and NACE Rev. 2 activity,A,Annual,Y1,1 year,TOTAL,Total,ENT_SRVLR_BRTH_PC,"Survival rate - enterprise survivals of respective age, divided by enterprise births in respective birth year - percentage",M74,"Other professional, scientific and technical activities",LT,Lithuania,2023,,68.81,,,,,
dataflow,ESTAT:BD_SIZE(1.0),Business demography by size class and NACE Rev. 2 activity,A,Annual,Y1,1 year,TOTAL,Total,ENT_SRVLR_BRTH_PC,"Survival rate - enterprise survivals of respective age, divided by enterprise births in respective birth year - percentage",M741,Specialised design activities,LT,Lithuania,2022,,78.81,,,,,
dataflow,ESTAT:BD_SIZE(1.0),Business demography by size class and NACE Rev. 2 activity,A,Annual,Y1,1 year,TOTAL,Total,ENT_SRVLR_BRTH_PC,"Survival rate - enterprise survivals of respective age, divided by enterprise births in respective birth year - percentage",M741,Specialised design activities,LT,Lithuania,2023,,79.33,,,,,
dataflow,ESTAT:BD_SIZE(1.0),Business demography by size class and NACE Rev. 2 activity,A,Annual,Y1,1 year,TOTAL,Total,ENT_SRVLR_BRTH_PC,"Survival rate - enterprise survivals of respective age, divided by enterprise births in respective birth year - percentage",M742,Photographic activities,LT,Lithuania,2022,,63.83,,,,,
dataflow,ESTAT:BD_SIZE(1.0),Business demography by size class and NACE Rev. 2 activity,A,Annual,Y1,1 year,TOTAL,Total,ENT_SRVLR_BRTH_PC,"Survival rate - enterprise survivals of respective age, divided by enterprise births in respective birth year - percentage",M742,Photographic activities,LT,Lithuania,2023,,64.08,,,,,
dataflow,ESTAT:BD_SIZE(1.0),Business demography by size class and NACE Rev. 2 activity,A,Annual,Y1,1 year,TOTAL,Total,ENT_SRVLR_BRTH_PC,"Survival rate - enterprise survivals of respective age, divided by enterprise births in respective birth year - percentage",M743,Translation and interpretation activities,LT,Lithuania,2022,,64.43,,,,,
dataflow,ESTAT:BD_SIZE(1.0),Business demography by size class and NACE Rev. 2 activity,A,Annual,Y1,1 year,TOTAL,Total,ENT_SRVLR_BRTH_PC,"Survival rate - enterprise survivals of respective age, divided by enterprise births in respective birth year - percentage",M743,Translation and interpretation activities,LT,Lithuania,2023,,64.22,,,,,
dataflow,ESTAT:BD_SIZE(1.0),Business demography by size class and NACE Rev. 2 activity,A,Annual,Y1,1 year,TOTAL,Total,ENT_SRVLR_BRTH_PC,"Survival rate - enterprise survivals of respective age, divided by enterprise births in respective birth year - percentage",M749,"Other professional, scientific and technical activities n.e.c.",LT,Lithuania,2022,,71.01,,,,,
dataflow,ESTAT:BD_SIZE(1.0),Business demography by size class and NACE Rev. 2 activity,A,Annual,Y1,1 year,TOTAL,Total,ENT_SRVLR_BRTH_PC,"Survival rate - enterprise survivals of respective age, divided by enterprise births in respective birth year - percentage",M749,"Other professional, scientific and technical activities n.e.c.",LT,Lithuania,2023,,74.61,,,,,
dataflow,ESTAT:BD_SIZE(1.0),Business demography by size class and NACE Rev. 2 activity,A,Annual,Y1,1 year,TOTAL,Total,ENT_SRVLR_BRTH_PC,"Survival rate - enterprise survivals of respective age, divided by enterprise births in respective birth year - percentage",M75,Veterinary activities,LT,Lithuania,2022,,91.30,,,,,
dataflow,ESTAT:BD_SIZE(1.0),Business demography by size class and NACE Rev. 2 activity,A,Annual,Y1,1 year,TOTAL,Total,ENT_SRVLR_BRTH_PC,"Survival rate - enterprise survivals of respective age, divided by enterprise births in respective birth year - percentage",M75,Veterinary activities,LT,Lithuania,2023,,83.33,,,,,
dataflow,ESTAT:BD_SIZE(1.0),Business demography by size class and NACE Rev. 2 activity,A,Annual,Y1,1 year,TOTAL,Total,ENT_SRVLR_BRTH_PC,"Survival rate - enterprise survivals of respective age, divided by enterprise births in respective birth year - percentage",M750,Veterinary activities,LT,Lithuania,2022,,91.30,,,,,
dataflow,ESTAT:BD_SIZE(1.0),Business demography by size class and NACE Rev. 2 activity,A,Annual,Y1,1 year,TOTAL,Total,ENT_SRVLR_BRTH_PC,"Survival rate - enterprise survivals of respective age, divided by enterprise births in respective birth year - percentage",M750,Veterinary activities,LT,Lithuania,2023,,83.33,,,,,
dataflow,ESTAT:BD_SIZE(1.0),Business demography by size class and NACE Rev. 2 activity,A,Annual,Y1,1 year,TOTAL,Total,ENT_SRVLR_BRTH_PC,"Survival rate - enterprise survivals of respective age, divided by enterprise births in respective birth year - percentage",N,Administrative and support service activities,LT,Lithuania,2022,,71.04,,,,,
dataflow,ESTAT:BD_SIZE(1.0),Business demography by size class and NACE Rev. 2 activity,A,Annual,Y1,1 year,TOTAL,Total,ENT_SRVLR_BRTH_PC,"Survival rate - enterprise survivals of respective age, divided by enterprise births in respective birth year - percentage",N,Administrative and support service activities,LT,Lithuania,2023,,67.75,,,,,
dataflow,ESTAT:BD_SIZE(1.0),Business demography by size class and NACE Rev. 2 activity,A,Annual,Y1,1 year,TOTAL,Total,ENT_SRVLR_BRTH_PC,"Survival rate - enterprise survivals of respective age, divided by enterprise births in respective birth year - percentage",N77,Rental and leasing activities,LT,Lithuania,2022,,77.99,,,,,
dataflow,ESTAT:BD_SIZE(1.0),Business demography by size class and NACE Rev. 2 activity,A,Annual,Y1,1 year,TOTAL,Total,ENT_SRVLR_BRTH_PC,"Survival rate - enterprise survivals of respective age, divided by enterprise births in respective birth year - percentage",N77,Rental and leasing activities,LT,Lithuania,2023,,75.05,,,,,
dataflow,ESTAT:BD_SIZE(1.0),Business demography by size class and NACE Rev. 2 activity,A,Annual,Y1,1 year,TOTAL,Total,ENT_SRVLR_BRTH_PC,"Survival rate - enterprise survivals of respective age, divided by enterprise births in respective birth year - percentage",N771,Renting and leasing of motor vehicles,LT,Lithuania,2022,,86.96,,,,,
dataflow,ESTAT:BD_SIZE(1.0),Business demography by size class and NACE Rev. 2 activity,A,Annual,Y1,1 year,TOTAL,Total,ENT_SRVLR_BRTH_PC,"Survival rate - enterprise survivals of respective age, divided by enterprise births in respective birth year - percentage",N771,Renting and leasing of motor vehicles,LT,Lithuania,2023,,77.07,,,,,
dataflow,ESTAT:BD_SIZE(1.0),Business demography by size class and NACE Rev. 2 activity,A,Annual,Y1,1 year,TOTAL,Total,ENT_SRVLR_BRTH_PC,"Survival rate - enterprise survivals of respective age, divided by enterprise births in respective birth year - percentage",N772,Renting and leasing of personal and household goods,LT,Lithuania,2022,,70.59,,,,,
dataflow,ESTAT:BD_SIZE(1.0),Business demography by size class and NACE Rev. 2 activity,A,Annual,Y1,1 year,TOTAL,Total,ENT_SRVLR_BRTH_PC,"Survival rate - enterprise survivals of respective age, divided by enterprise births in respective birth year - percentage",N772,Renting and leasing of personal and household goods,LT,Lithuania,2023,,71.14,,,,,
dataflow,ESTAT:BD_SIZE(1.0),Business demography by size class and NACE Rev. 2 activity,A,Annual,Y1,1 year,TOTAL,Total,ENT_SRVLR_BRTH_PC,"Survival rate - enterprise survivals of respective age, divided by enterprise births in respective birth year - percentage",N773,"Renting and leasing of other machinery, equipment and tangible goods",LT,Lithuania,2022,,86.84,,,,,
dataflow,ESTAT:BD_SIZE(1.0),Business demography by size class and NACE Rev. 2 activity,A,Annual,Y1,1 year,TOTAL,Total,ENT_SRVLR_BRTH_PC,"Survival rate - enterprise survivals of respective age, divided by enterprise births in respective birth year - percentage",N773,"Renting and leasing of other machinery, equipment and tangible goods",LT,Lithuania,2023,,84.00,,,,,
dataflow,ESTAT:BD_SIZE(1.0),Business demography by size class and NACE Rev. 2 activity,A,Annual,Y1,1 year,TOTAL,Total,ENT_SRVLR_BRTH_PC,"Survival rate - enterprise survivals of respective age, divided by enterprise births in respective birth year - percentage",N774,"Leasing of intellectual property and similar products, except copyrighted works",LT,Lithuania,2022,,50.00,,,,,
dataflow,ESTAT:BD_SIZE(1.0),Business demography by size class and NACE Rev. 2 activity,A,Annual,Y1,1 year,TOTAL,Total,ENT_SRVLR_BRTH_PC,"Survival rate - enterprise survivals of respective age, divided by enterprise births in respective birth year - percentage",N774,"Leasing of intellectual property and similar products, except copyrighted works",LT,Lithuania,2023,,66.67,,,,,
dataflow,ESTAT:BD_SIZE(1.0),Business demography by size class and NACE Rev. 2 activity,A,Annual,Y1,1 year,TOTAL,Total,ENT_SRVLR_BRTH_PC,"Survival rate - enterprise survivals of respective age, divided by enterprise births in respective birth year - percentage",N78,Employment activities,LT,Lithuania,2022,,81.73,,,,,
dataflow,ESTAT:BD_SIZE(1.0),Business demography by size class and NACE Rev. 2 activity,A,Annual,Y1,1 year,TOTAL,Total,ENT_SRVLR_BRTH_PC,"Survival rate - enterprise survivals of respective age, divided by enterprise births in respective birth year - percentage",N78,Employment activities,LT,Lithuania,2023,,82.35,,,,,
dataflow,ESTAT:BD_SIZE(1.0),Business demography by size class and NACE Rev. 2 activity,A,Annual,Y1,1 year,TOTAL,Total,ENT_SRVLR_BRTH_PC,"Survival rate - enterprise survivals of respective age, divided by enterprise births in respective birth year - percentage",N781,Activities of employment placement agencies,LT,Lithuania,2022,,72.31,,,,,
dataflow,ESTAT:BD_SIZE(1.0),Business demography by size class and NACE Rev. 2 activity,A,Annual,Y1,1 year,TOTAL,Total,ENT_SRVLR_BRTH_PC,"Survival rate - enterprise survivals of respective age, divided by enterprise births in respective birth year - percentage",N781,Activities of employment placement agencies,LT,Lithuania,2023,,79.41,,,,,
dataflow,ESTAT:BD_SIZE(1.0),Business demography by size class and NACE Rev. 2 activity,A,Annual,Y1,1 year,TOTAL,Total,ENT_SRVLR_BRTH_PC,"Survival rate - enterprise survivals of respective age, divided by enterprise births in respective birth year - percentage",N782,Temporary employment agency activities,LT,Lithuania,2022,,96.30,,,,,
dataflow,ESTAT:BD_SIZE(1.0),Business demography by size class and NACE Rev. 2 activity,A,Annual,Y1,1 year,TOTAL,Total,ENT_SRVLR_BRTH_PC,"Survival rate - enterprise survivals of respective age, divided by enterprise births in respective birth year - percentage",N782,Temporary employment agency activities,LT,Lithuania,2023,,86.67,,,,,
dataflow,ESTAT:BD_SIZE(1.0),Business demography by size class and NACE Rev. 2 activity,A,Annual,Y1,1 year,TOTAL,Total,ENT_SRVLR_BRTH_PC,"Survival rate - enterprise survivals of respective age, divided by enterprise births in respective birth year - percentage",N783,Other human resources provision,LT,Lithuania,2022,,100.00,,,,,
dataflow,ESTAT:BD_SIZE(1.0),Business demography by size class and NACE Rev. 2 activity,A,Annual,Y1,1 year,TOTAL,Total,ENT_SRVLR_BRTH_PC,"Survival rate - enterprise survivals of respective age, divided by enterprise births in respective birth year - percentage",N783,Other human resources provision,LT,Lithuania,2023,,90.48,,,,,
dataflow,ESTAT:BD_SIZE(1.0),Business demography by size class and NACE Rev. 2 activity,A,Annual,Y1,1 year,TOTAL,Total,ENT_SRVLR_BRTH_PC,"Survival rate - enterprise survivals of respective age, divided by enterprise births in respective birth year - percentage",N79,"Travel agency, tour operator and other reservation service and related activities",LT,Lithuania,2022,,76.24,,,,,
dataflow,ESTAT:BD_SIZE(1.0),Business demography by size class and NACE Rev. 2 activity,A,Annual,Y1,1 year,TOTAL,Total,ENT_SRVLR_BRTH_PC,"Survival rate - enterprise survivals of respective age, divided by enterprise births in respective birth year - percentage",N79,"Travel agency, tour operator and other reservation service and related activities",LT,Lithuania,2023,,73.11,,,,,
dataflow,ESTAT:BD_SIZE(1.0),Business demography by size class and NACE Rev. 2 activity,A,Annual,Y1,1 year,TOTAL,Total,ENT_SRVLR_BRTH_PC,"Survival rate - enterprise survivals of respective age, divided by enterprise births in respective birth year - percentage",N791,Travel agency and tour operator activities,LT,Lithuania,2022,,80.65,,,,,
dataflow,ESTAT:BD_SIZE(1.0),Business demography by size class and NACE Rev. 2 activity,A,Annual,Y1,1 year,TOTAL,Total,ENT_SRVLR_BRTH_PC,"Survival rate - enterprise survivals of respective age, divided by enterprise births in respective birth year - percentage",N791,Travel agency and tour operator activities,LT,Lithuania,2023,,88.14,,,,,
dataflow,ESTAT:BD_SIZE(1.0),Business demography by size class and NACE Rev. 2 activity,A,Annual,Y1,1 year,TOTAL,Total,ENT_SRVLR_BRTH_PC,"Survival rate - enterprise survivals of respective age, divided by enterprise births in respective birth year - percentage",N799,Other reservation service and related activities,LT,Lithuania,2022,,74.29,,,,,
dataflow,ESTAT:BD_SIZE(1.0),Business demography by size class and NACE Rev. 2 activity,A,Annual,Y1,1 year,TOTAL,Total,ENT_SRVLR_BRTH_PC,"Survival rate - enterprise survivals of respective age, divided by enterprise births in respective birth year - percentage",N799,Other reservation service and related activities,LT,Lithuania,2023,,68.16,,,,,
dataflow,ESTAT:BD_SIZE(1.0),Business demography by size class and NACE Rev. 2 activity,A,Annual,Y1,1 year,TOTAL,Total,ENT_SRVLR_BRTH_PC,"Survival rate - enterprise survivals of respective age, divided by enterprise births in respective birth year - percentage",N80,Security and investigation activities,LT,Lithuania,2022,,95.00,,,,,
dataflow,ESTAT:BD_SIZE(1.0),Business demography by size class and NACE Rev. 2 activity,A,Annual,Y1,1 year,TOTAL,Total,ENT_SRVLR_BRTH_PC,"Survival rate - enterprise survivals of respective age, divided by enterprise births in respective birth year - percentage",N80,Security and investigation activities,LT,Lithuania,2023,,87.50,,,,,
dataflow,ESTAT:BD_SIZE(1.0),Business demography by size class and NACE Rev. 2 activity,A,Annual,Y1,1 year,TOTAL,Total,ENT_SRVLR_BRTH_PC,"Survival rate - enterprise survivals of respective age, divided by enterprise births in respective birth year - percentage",N801,Private security activities,LT,Lithuania,2022,,100.00,,,,,
dataflow,ESTAT:BD_SIZE(1.0),Business demography by size class and NACE Rev. 2 activity,A,Annual,Y1,1 year,TOTAL,Total,ENT_SRVLR_BRTH_PC,"Survival rate - enterprise survivals of respective age, divided by enterprise births in respective birth year - percentage",N801,Private security activities,LT,Lithuania,2023,,100.00,,,,,
dataflow,ESTAT:BD_SIZE(1.0),Business demography by size class and NACE Rev. 2 activity,A,Annual,Y1,1 year,TOTAL,Total,ENT_SRVLR_BRTH_PC,"Survival rate - enterprise survivals of respective age, divided by enterprise births in respective birth year - percentage",N802,Security systems service activities,LT,Lithuania,2022,,100.00,,,,,
dataflow,ESTAT:BD_SIZE(1.0),Business demography by size class and NACE Rev. 2 activity,A,Annual,Y1,1 year,TOTAL,Total,ENT_SRVLR_BRTH_PC,"Survival rate - enterprise survivals of respective age, divided by enterprise births in respective birth year - percentage",N802,Security systems service activities,LT,Lithuania,2023,,100.00,,,,,
dataflow,ESTAT:BD_SIZE(1.0),Business demography by size class and NACE Rev. 2 activity,A,Annual,Y1,1 year,TOTAL,Total,ENT_SRVLR_BRTH_PC,"Survival rate - enterprise survivals of respective age, divided by enterprise births in respective birth year - percentage",N803,Investigation activities,LT,Lithuania,2022,,80.00,,,,,
dataflow,ESTAT:BD_SIZE(1.0),Business demography by size class and NACE Rev. 2 activity,A,Annual,Y1,1 year,TOTAL,Total,ENT_SRVLR_BRTH_PC,"Survival rate - enterprise survivals of respective age, divided by enterprise births in respective birth year - percentage",N803,Investigation activities,LT,Lithuania,2023,,50.00,,,,,
dataflow,ESTAT:BD_SIZE(1.0),Business demography by size class and NACE Rev. 2 activity,A,Annual,Y1,1 year,TOTAL,Total,ENT_SRVLR_BRTH_PC,"Survival rate - enterprise survivals of respective age, divided by enterprise births in respective birth year - percentage",N81,Services to buildings and landscape activities,LT,Lithuania,2022,,67.94,,,,,
dataflow,ESTAT:BD_SIZE(1.0),Business demography by size class and NACE Rev. 2 activity,A,Annual,Y1,1 year,TOTAL,Total,ENT_SRVLR_BRTH_PC,"Survival rate - enterprise survivals of respective age, divided by enterprise births in respective birth year - percentage",N81,Services to buildings and landscape activities,LT,Lithuania,2023,,62.82,,,,,
dataflow,ESTAT:BD_SIZE(1.0),Business demography by size class and NACE Rev. 2 activity,A,Annual,Y1,1 year,TOTAL,Total,ENT_SRVLR_BRTH_PC,"Survival rate - enterprise survivals of respective age, divided by enterprise births in respective birth year - percentage",N811,Combined facilities support activities,LT,Lithuania,2022,,66.67,,,,,
dataflow,ESTAT:BD_SIZE(1.0),Business demography by size class and NACE Rev. 2 activity,A,Annual,Y1,1 year,TOTAL,Total,ENT_SRVLR_BRTH_PC,"Survival rate - enterprise survivals of respective age, divided by enterprise births in respective birth year - percentage",N811,Combined facilities support activities,LT,Lithuania,2023,,83.33,,,,,
dataflow,ESTAT:BD_SIZE(1.0),Business demography by size class and NACE Rev. 2 activity,A,Annual,Y1,1 year,TOTAL,Total,ENT_SRVLR_BRTH_PC,"Survival rate - enterprise survivals of respective age, divided by enterprise births in respective birth year - percentage",N812,Cleaning activities,LT,Lithuania,2022,,69.69,,,,,
dataflow,ESTAT:BD_SIZE(1.0),Business demography by size class and NACE Rev. 2 activity,A,Annual,Y1,1 year,TOTAL,Total,ENT_SRVLR_BRTH_PC,"Survival rate - enterprise survivals of respective age, divided by enterprise births in respective birth year - percentage",N812,Cleaning activities,LT,Lithuania,2023,,68.01,,,,,
dataflow,ESTAT:BD_SIZE(1.0),Business demography by size class and NACE Rev. 2 activity,A,Annual,Y1,1 year,TOTAL,Total,ENT_SRVLR_BRTH_PC,"Survival rate - enterprise survivals of respective age, divided by enterprise births in respective birth year - percentage",N813,Landscape service activities,LT,Lithuania,2022,,66.57,,,,,
dataflow,ESTAT:BD_SIZE(1.0),Business demography by size class and NACE Rev. 2 activity,A,Annual,Y1,1 year,TOTAL,Total,ENT_SRVLR_BRTH_PC,"Survival rate - enterprise survivals of respective age, divided by enterprise births in respective birth year - percentage",N813,Landscape service activities,LT,Lithuania,2023,,58.25,,,,,
dataflow,ESTAT:BD_SIZE(1.0),Business demography by size class and NACE Rev. 2 activity,A,Annual,Y1,1 year,TOTAL,Total,ENT_SRVLR_BRTH_PC,"Survival rate - enterprise survivals of respective age, divided by enterprise births in respective birth year - percentage",N82,"Office administrative, office support and other business support activities",LT,Lithuania,2022,,68.35,,,,,
dataflow,ESTAT:BD_SIZE(1.0),Business demography by size class and NACE Rev. 2 activity,A,Annual,Y1,1 year,TOTAL,Total,ENT_SRVLR_BRTH_PC,"Survival rate - enterprise survivals of respective age, divided by enterprise births in respective birth year - percentage",N82,"Office administrative, office support and other business support activities",LT,Lithuania,2023,,67.71,,,,,
dataflow,ESTAT:BD_SIZE(1.0),Business demography by size class and NACE Rev. 2 activity,A,Annual,Y1,1 year,TOTAL,Total,ENT_SRVLR_BRTH_PC,"Survival rate - enterprise survivals of respective age, divided by enterprise births in respective birth year - percentage",N821,Office administrative and support activities,LT,Lithuania,2022,,65.38,,,,,
dataflow,ESTAT:BD_SIZE(1.0),Business demography by size class and NACE Rev. 2 activity,A,Annual,Y1,1 year,TOTAL,Total,ENT_SRVLR_BRTH_PC,"Survival rate - enterprise survivals of respective age, divided by enterprise births in respective birth year - percentage",N821,Office administrative and support activities,LT,Lithuania,2023,,69.20,,,,,
dataflow,ESTAT:BD_SIZE(1.0),Business demography by size class and NACE Rev. 2 activity,A,Annual,Y1,1 year,TOTAL,Total,ENT_SRVLR_BRTH_PC,"Survival rate - enterprise survivals of respective age, divided by enterprise births in respective birth year - percentage",N822,Activities of call centres,LT,Lithuania,2022,,100.00,,,,,
dataflow,ESTAT:BD_SIZE(1.0),Business demography by size class and NACE Rev. 2 activity,A,Annual,Y1,1 year,TOTAL,Total,ENT_SRVLR_BRTH_PC,"Survival rate - enterprise survivals of respective age, divided by enterprise births in respective birth year - percentage",N822,Activities of call centres,LT,Lithuania,2023,,33.33,,,,,
dataflow,ESTAT:BD_SIZE(1.0),Business demography by size class and NACE Rev. 2 activity,A,Annual,Y1,1 year,TOTAL,Total,ENT_SRVLR_BRTH_PC,"Survival rate - enterprise survivals of respective age, divided by enterprise births in respective birth year - percentage",N823,Organisation of conventions and trade shows,LT,Lithuania,2022,,74.07,,,,,
dataflow,ESTAT:BD_SIZE(1.0),Business demography by size class and NACE Rev. 2 activity,A,Annual,Y1,1 year,TOTAL,Total,ENT_SRVLR_BRTH_PC,"Survival rate - enterprise survivals of respective age, divided by enterprise births in respective birth year - percentage",N823,Organisation of conventions and trade shows,LT,Lithuania,2023,,70.42,,,,,
dataflow,ESTAT:BD_SIZE(1.0),Business demography by size class and NACE Rev. 2 activity,A,Annual,Y1,1 year,TOTAL,Total,ENT_SRVLR_BRTH_PC,"Survival rate - enterprise survivals of respective age, divided by enterprise births in respective birth year - percentage",N829,Business support service activities n.e.c.,LT,Lithuania,2022,,68.87,,,,,
dataflow,ESTAT:BD_SIZE(1.0),Business demography by size class and NACE Rev. 2 activity,A,Annual,Y1,1 year,TOTAL,Total,ENT_SRVLR_BRTH_PC,"Survival rate - enterprise survivals of respective age, divided by enterprise births in respective birth year - percentage",N829,Business support service activities n.e.c.,LT,Lithuania,2023,,66.67,,,,,
dataflow,ESTAT:BD_SIZE(1.0),Business demography by size class and NACE Rev. 2 activity,A,Annual,Y1,1 year,TOTAL,Total,ENT_SRVLR_BRTH_PC,"Survival rate - enterprise survivals of respective age, divided by enterprise births in respective birth year - percentage",P,Education,LT,Lithuania,2022,,64.68,,,,,
dataflow,ESTAT:BD_SIZE(1.0),Business demography by size class and NACE Rev. 2 activity,A,Annual,Y1,1 year,TOTAL,Total,ENT_SRVLR_BRTH_PC,"Survival rate - enterprise survivals of respective age, divided by enterprise births in respective birth year - percentage",P,Education,LT,Lithuania,2023,,65.80,,,,,
dataflow,ESTAT:BD_SIZE(1.0),Business demography by size class and NACE Rev. 2 activity,A,Annual,Y1,1 year,TOTAL,Total,ENT_SRVLR_BRTH_PC,"Survival rate - enterprise survivals of respective age, divided by enterprise births in respective birth year - percentage",P85,Education,LT,Lithuania,2022,,64.68,,,,,
dataflow,ESTAT:BD_SIZE(1.0),Business demography by size class and NACE Rev. 2 activity,A,Annual,Y1,1 year,TOTAL,Total,ENT_SRVLR_BRTH_PC,"Survival rate - enterprise survivals of respective age, divided by enterprise births in respective birth year - percentage",P85,Education,LT,Lithuania,2023,,65.80,,,,,
dataflow,ESTAT:BD_SIZE(1.0),Business demography by size class and NACE Rev. 2 activity,A,Annual,Y1,1 year,TOTAL,Total,ENT_SRVLR_BRTH_PC,"Survival rate - enterprise survivals of respective age, divided by enterprise births in respective birth year - percentage",Q,Human health and social work activities,LT,Lithuania,2022,,74.33,,,,,
dataflow,ESTAT:BD_SIZE(1.0),Business demography by size class and NACE Rev. 2 activity,A,Annual,Y1,1 year,TOTAL,Total,ENT_SRVLR_BRTH_PC,"Survival rate - enterprise survivals of respective age, divided by enterprise births in respective birth year - percentage",Q,Human health and social work activities,LT,Lithuania,2023,,71.55,,,,,
dataflow,ESTAT:BD_SIZE(1.0),Business demography by size class and NACE Rev. 2 activity,A,Annual,Y1,1 year,TOTAL,Total,ENT_SRVLR_BRTH_PC,"Survival rate - enterprise survivals of respective age, divided by enterprise births in respective birth year - percentage",Q86,Human health activities,LT,Lithuania,2022,,92.62,,,,,
dataflow,ESTAT:BD_SIZE(1.0),Business demography by size class and NACE Rev. 2 activity,A,Annual,Y1,1 year,TOTAL,Total,ENT_SRVLR_BRTH_PC,"Survival rate - enterprise survivals of respective age, divided by enterprise births in respective birth year - percentage",Q86,Human health activities,LT,Lithuania,2023,,90.00,,,,,
dataflow,ESTAT:BD_SIZE(1.0),Business demography by size class and NACE Rev. 2 activity,A,Annual,Y1,1 year,TOTAL,Total,ENT_SRVLR_BRTH_PC,"Survival rate - enterprise survivals of respective age, divided by enterprise births in respective birth year - percentage",Q87,Residential care activities,LT,Lithuania,2022,,75.00,,,,,
dataflow,ESTAT:BD_SIZE(1.0),Business demography by size class and NACE Rev. 2 activity,A,Annual,Y1,1 year,TOTAL,Total,ENT_SRVLR_BRTH_PC,"Survival rate - enterprise survivals of respective age, divided by enterprise births in respective birth year - percentage",Q87,Residential care activities,LT,Lithuania,2023,,100.00,,,,,
dataflow,ESTAT:BD_SIZE(1.0),Business demography by size class and NACE Rev. 2 activity,A,Annual,Y1,1 year,TOTAL,Total,ENT_SRVLR_BRTH_PC,"Survival rate - enterprise survivals of respective age, divided by enterprise births in respective birth year - percentage",Q88,Social work activities without accommodation,LT,Lithuania,2022,,70.25,,,,,
dataflow,ESTAT:BD_SIZE(1.0),Business demography by size class and NACE Rev. 2 activity,A,Annual,Y1,1 year,TOTAL,Total,ENT_SRVLR_BRTH_PC,"Survival rate - enterprise survivals of respective age, divided by enterprise births in respective birth year - percentage",Q88,Social work activities without accommodation,LT,Lithuania,2023,,68.12,,,,,
dataflow,ESTAT:BD_SIZE(1.0),Business demography by size class and NACE Rev. 2 activity,A,Annual,Y1,1 year,TOTAL,Total,ENT_SRVLR_BRTH_PC,"Survival rate - enterprise survivals of respective age, divided by enterprise births in respective birth year - percentage",R,"Arts, entertainment and recreation",LT,Lithuania,2022,,68.61,,,,,
dataflow,ESTAT:BD_SIZE(1.0),Business demography by size class and NACE Rev. 2 activity,A,Annual,Y1,1 year,TOTAL,Total,ENT_SRVLR_BRTH_PC,"Survival rate - enterprise survivals of respective age, divided by enterprise births in respective birth year - percentage",R,"Arts, entertainment and recreation",LT,Lithuania,2023,,66.19,,,,,
dataflow,ESTAT:BD_SIZE(1.0),Business demography by size class and NACE Rev. 2 activity,A,Annual,Y1,1 year,TOTAL,Total,ENT_SRVLR_BRTH_PC,"Survival rate - enterprise survivals of respective age, divided by enterprise births in respective birth year - percentage",R90,"Creative, arts and entertainment activities",LT,Lithuania,2022,,66.88,,,,,
dataflow,ESTAT:BD_SIZE(1.0),Business demography by size class and NACE Rev. 2 activity,A,Annual,Y1,1 year,TOTAL,Total,ENT_SRVLR_BRTH_PC,"Survival rate - enterprise survivals of respective age, divided by enterprise births in respective birth year - percentage",R90,"Creative, arts and entertainment activities",LT,Lithuania,2023,,64.47,,,,,
dataflow,ESTAT:BD_SIZE(1.0),Business demography by size class and NACE Rev. 2 activity,A,Annual,Y1,1 year,TOTAL,Total,ENT_SRVLR_BRTH_PC,"Survival rate - enterprise survivals of respective age, divided by enterprise births in respective birth year - percentage",R91,"Libraries, archives, museums and other cultural activities",LT,Lithuania,2022,,100.00,,,,,
dataflow,ESTAT:BD_SIZE(1.0),Business demography by size class and NACE Rev. 2 activity,A,Annual,Y1,1 year,TOTAL,Total,ENT_SRVLR_BRTH_PC,"Survival rate - enterprise survivals of respective age, divided by enterprise births in respective birth year - percentage",R91,"Libraries, archives, museums and other cultural activities",LT,Lithuania,2023,,33.33,,,,,
dataflow,ESTAT:BD_SIZE(1.0),Business demography by size class and NACE Rev. 2 activity,A,Annual,Y1,1 year,TOTAL,Total,ENT_SRVLR_BRTH_PC,"Survival rate - enterprise survivals of respective age, divided by enterprise births in respective birth year - percentage",R92,Gambling and betting activities,LT,Lithuania,2023,,100.00,,,,,
dataflow,ESTAT:BD_SIZE(1.0),Business demography by size class and NACE Rev. 2 activity,A,Annual,Y1,1 year,TOTAL,Total,ENT_SRVLR_BRTH_PC,"Survival rate - enterprise survivals of respective age, divided by enterprise births in respective birth year - percentage",R93,Sports activities and amusement and recreation activities,LT,Lithuania,2022,,72.32,,,,,
dataflow,ESTAT:BD_SIZE(1.0),Business demography by size class and NACE Rev. 2 activity,A,Annual,Y1,1 year,TOTAL,Total,ENT_SRVLR_BRTH_PC,"Survival rate - enterprise survivals of respective age, divided by enterprise births in respective birth year - percentage",R93,Sports activities and amusement and recreation activities,LT,Lithuania,2023,,71.22,,,,,
dataflow,ESTAT:BD_SIZE(1.0),Business demography by size class and NACE Rev. 2 activity,A,Annual,Y1,1 year,TOTAL,Total,ENT_SRVLR_BRTH_PC,"Survival rate - enterprise survivals of respective age, divided by enterprise births in respective birth year - percentage",S95,Repair of computers and personal and household goods,LT,Lithuania,2022,,64.71,,,,,
dataflow,ESTAT:BD_SIZE(1.0),Business demography by size class and NACE Rev. 2 activity,A,Annual,Y1,1 year,TOTAL,Total,ENT_SRVLR_BRTH_PC,"Survival rate - enterprise survivals of respective age, divided by enterprise births in respective birth year - percentage",S95,Repair of computers and personal and household goods,LT,Lithuania,2023,,68.34,,,,,
dataflow,ESTAT:BD_SIZE(1.0),Business demography by size class and NACE Rev. 2 activity,A,Annual,Y1,1 year,TOTAL,Total,ENT_SRVLR_BRTH_PC,"Survival rate - enterprise survivals of respective age, divided by enterprise births in respective birth year - percentage",S96,Other personal service activities,LT,Lithuania,2022,,80.38,,,,,
dataflow,ESTAT:BD_SIZE(1.0),Business demography by size class and NACE Rev. 2 activity,A,Annual,Y1,1 year,TOTAL,Total,ENT_SRVLR_BRTH_PC,"Survival rate - enterprise survivals of respective age, divided by enterprise births in respective birth year - percentage",S96,Other personal service activities,LT,Lithuania,2023,,78.10,,,,,
